extra.logid,extra.now,log_pb.impr_id,shareMeta.desc,shareMeta.title,statusCode,status_code,status_msg,userInfo.stats.diggCount,userInfo.stats.followerCount,userInfo.stats.followingCount,userInfo.stats.friendCount,userInfo.stats.heart,userInfo.stats.heartCount,userInfo.stats.videoCount,userInfo.user.bioLink.risk,userInfo.user.canExpPlaylist,userInfo.user.commentSetting,userInfo.user.commerceUserInfo.commerceUser,userInfo.user.downloadSetting,userInfo.user.duetSetting,userInfo.user.followingVisibility,userInfo.user.ftc,userInfo.user.id,userInfo.user.isADVirtual,userInfo.user.isEmbedBanned,userInfo.user.nickNameModifyTime,userInfo.user.nickname,userInfo.user.openFavorite,userInfo.user.privateAccount,userInfo.user.profileEmbedPermission,userInfo.user.profileTab.showPlayListTab,userInfo.user.relation,userInfo.user.secUid,userInfo.user.secret,userInfo.user.signature,userInfo.user.stitchSetting,userInfo.user.ttSeller,userInfo.user.uniqueId,userInfo.user.verified,userInfo.user.profileTab.showMusicTab,userInfo.user.bioLink.link,userInfo.user.profileTab.showQuestionTab,userInfo.user.roomId,userInfo.user.commerceUserInfo.category,userInfo.user.commerceUserInfo.categoryButton,userInfo.user.commerceUserInfo.downLoadLink.android,userInfo.user.commerceUserInfo.downLoadLink.ios,userInfo.user.uniqueIdModifyTime
20250213003332323F8E538821A316BC96,1739378012000,20250213003332323F8E538821A316BC96,"@amthucphatgiao.kt 2.9m Followers, 40 Following, 65.3m Likes - Watch awesome short videos created by Th√≠ch Kh·∫£i Tu·∫•nüå±",Th√≠ch Kh·∫£i Tu·∫•nüå± on TikTok,0,0,,0,2900000,40,38,65300000,65300000,276,3.0,True,0,False,0,0,1,False,6881527545289425922,False,False,1618552122.0,Th√≠ch Kh·∫£i Tu·∫•nüå±,False,False,1,True,0,MS4wLjABAAAAQz7ft9EXopqPPx9f9xPfhFQQJrwMyPzNNRfRnh0eaNTmkGhzbs8K4-9AJ5mXmWWH,False,B·∫°n n√†o c√≥ t√¢m nguy·ªán xu·∫•t gia th√¨ k·∫øt b·∫°n za l√¥ : o9&116&212. k. Tu·∫•n h∆∞·ªõng d·∫´n,0,False,amthucphatgiao.kt,True,,,,,,,,,
202502122356399F6A1620C1DD1C14DDD9,1739375799000,202502122356399F6A1620C1DD1C14DDD9,"@andreerighthand 568.4k Followers, 1 Following, 9.7m Likes - Watch awesome short videos created by Andree Right Hand",Andree Right Hand on TikTok,0,0,,0,568400,1,1,9700000,9700000,96,3.0,True,0,False,0,0,1,False,6805168360922727425,False,False,1656261303.0,Andree Right Hand,False,False,1,False,0,MS4wLjABAAAAxrzsw0BAQcZ2c7Bg3Z0iZoBhwIXnWajh8SgTt1BcMm_1Af94h3zj2RNljNvpvj_-,False,The Official Tiktok of Anh B√¢us,0,False,andreerighthand,True,True,,,,,,,,
20250213005955A9051D756555BB13DA8A,1739379595000,20250213005955A9051D756555BB13DA8A,"@angelmikeden 560.5k Followers, 2 Following, 4.3m Likes - Watch awesome short videos created by Anh Mike Ch·ªã Angel",Anh Mike Ch·ªã Angel on TikTok,0,0,,0,560500,2,2,4300000,4300000,38,0.0,True,0,False,0,0,1,False,7005743544485774337,False,False,1723064982.0,Anh Mike Ch·ªã Angel,False,False,1,True,0,MS4wLjABAAAA-WHWRrhpSJDkgFuVIwmP5A3wqRIIq7DdsnwnJo1xW8UClA5wCWmaRd9RkfquYpPS,False,@Mike ƒêen v√† @Angel,0,False,angelmikeden,False,,,,,,,,,
202502130037427C1E832C485AF014C9BC,1739378262000,202502130037427C1E832C485AF014C9BC,"@anhbaphaitv_ofc 1.5m Followers, 0 Following, 19.5m Likes - Watch awesome short videos created by Ph·∫°m‚ÄÇVƒÉn‚ÄÇPh√∫",Ph·∫°m‚ÄÇVƒÉn‚ÄÇPh√∫ on TikTok,0,0,,0,1500000,0,0,19500000,19500000,109,0.0,True,0,False,0,0,2,False,7048956522894312449,False,False,1681892306.0,Ph·∫°m‚ÄÇVƒÉn‚ÄÇPh√∫,False,False,1,True,0,MS4wLjABAAAAXZNx1vrHS3eLlUukb6BmhdHO_hyNIPg5P996AW7YM0PHoEzfAD-J_Zu752GLUZM1,False,‚ù§Ô∏èC√°t B·ª•i S·∫Ω Tr·ªü V·ªÅ V·ªõi C√°t B·ª•i‚ù§Ô∏è,0,False,anhbaphaitv_ofc,False,,vanphu18592@gmail.com,,,,,,,
20250212231226119300FDED211C10D4BD,1739373146000,20250212231226119300FDED211C10D4BD,"@anhmoney 1.3m Followers, 50 Following, 37.5m Likes - Watch awesome short videos created by Anh Money üí∞",Anh Money üí∞ on TikTok,0,0,,0,1300000,50,13,37500000,37500000,790,3.0,True,0,False,0,0,2,False,7141389257331377179,False,False,1717595832.0,Anh Money üí∞,False,False,1,True,0,MS4wLjABAAAAXUaY_kx4G5TKleIudsMCfceWC6k_OyI1vW4LlKydyponUoVBrN1HHj77ytvoVJdy,False,"Follow tui ƒëi cho ƒë·ªùi th√™m vuiü§£
üåö You‚Ä¢Tu‚Ä¢be : Anh Money 
Email & TK M·∫°ng XHüëá",0,False,anhmoney,False,,,,,,,,,
202502130039559A034472E5AA3B15D12C,1739378396000,202502130039559A034472E5AA3B15D12C,"@anhtusinger 1.4m Followers, 165 Following, 26.9m Likes - Watch awesome short videos created by Nguy·ªÖn Anh T√∫",Nguy·ªÖn Anh T√∫ on TikTok,0,0,,0,1400000,165,50,26900000,26900000,409,,True,0,False,0,0,2,False,6525420830788567041,False,False,,Nguy·ªÖn Anh T√∫,False,False,1,True,0,MS4wLjABAAAAycq8gWq2hwvjMx3sd3O6sYHmFZO8vfNtyD4tCBfcP_uj004k-5J0QDjgrU-Ifow9,False,H√°t b·∫±ng c·∫£ t√≠nh m·∫°ng ü§òüèª,0,False,anhtusinger,True,True,,,,,,,,
20250213001840F33030D833E7FB14BE75,1739377120000,20250213001840F33030D833E7FB14BE75,"@archangel2909 788.4k Followers, 82 Following, 68.1m Likes - Watch awesome short videos created by Archangel AOV üëºüèª",Archangel AOV üëºüèª on TikTok,0,0,,0,788400,82,56,68100000,68100000,2896,3.0,True,0,False,0,0,1,False,6728353279773852673,False,False,1640870107.0,Archangel AOV üëºüèª,False,False,1,True,0,MS4wLjABAAAAoM-7RIrdQflwiU5_gv4FmlYDuFYADk4IwcZxk-mpWsTmQhlhpd3UAHop26MSakpS,False,"Chuy√™n th√¥ng tin v·ªÅ Skin M·ªõi v√† S·ª± Ki·ªán M·ªõi
üí¢  KH√îNG C√ì K√äNH PH·ª§  üí¢
üëá",0,False,archangel2909,False,,,True,,,,,,
20250212234114CF7C954E7CCB451299E0,1739374874000,20250212234114CF7C954E7CCB451299E0,"@binannh_9622 610.7k Followers, 14 Following, 21.0m Likes - Watch awesome short videos created by B·ªân üê≥",B·ªân üê≥ on TikTok,0,0,,0,610700,14,7,21000000,21000000,568,3.0,True,0,False,0,0,2,False,63860349817,False,False,1645466327.0,B·ªân üê≥,False,False,1,True,0,MS4wLjABAAAAmMa078YVsHhR_98rqdDGp-MLmOLaUs2ZHfDWa_DGxuI,False,"Dui D·∫ª H√¥ng Qu·∫°o ·∂ª ùóì ê∞Å
IG : myhanh_sea 
üíå myhanh0409.hcm@gmail.com",0,False,binannh_9622,False,,,True,,,,,,
202502130021116991E44E08F4AA143FB5,1739377272000,202502130021116991E44E08F4AA143FB5,"@binhanniee 2.7m Followers, 109 Following, 70.8m Likes - Watch awesome short videos created by B√¨nh Anü§ç",B√¨nh Anü§ç on TikTok,0,0,,0,2700000,109,106,70800000,70800000,492,3.0,True,0,False,0,0,2,False,6850327224202118146,False,False,1665402699.0,B√¨nh Anü§ç,False,False,1,True,0,MS4wLjABAAAAYGFgEIIbh2mqd5oK9ZE0f56lzB3MkkapmghKFiZs5O-eYgkrEO9Q9VZHPz5AqzQ8,False,"Tui l√† tui n√†, ai so s√°nh l√†m tr√≥üòú
Ig: binhanniee
Ph·ª•: @B√¨nh Annü§ç",0,False,binhanniee,False,,,,,,,,,
202502122343121E5AC3A55AE017128747,1739374992000,202502122343121E5AC3A55AE017128747,"@binyetne 1.5m Followers, 75 Following, 56.2m Likes - Watch awesome short videos created by Bin Yet yah o ho üéß",Bin Yet yah o ho üéß on TikTok,0,0,,0,1500000,75,69,56200000,56200000,841,0.0,True,0,False,0,0,2,False,6612162230337634306,False,False,1702751800.0,Bin Yet yah o ho üéß,False,False,1,True,0,MS4wLjABAAAA1U6vYdFuY9yEkF9_F994qVq3vCil6yzksyM7314gvsB9sdVtsg-IqWo4hHf8a4R6,False,"üì©: binyet.booking@gmail.com
FB: Nguyen Anh Tu ( Bin Yet )
IG: Binyetne",0,False,binyetne,False,,,True,,,,,,
20250213003748DC0D1E616BAA70151589,1739378268000,20250213003748DC0D1E616BAA70151589,"@binyetvlog 1.5m Followers, 59 Following, 62.7m Likes - Watch awesome short videos created by Bin Yet qu√£i ƒë·∫°n üì∏",Bin Yet qu√£i ƒë·∫°n üì∏ on TikTok,0,0,,0,1500000,59,56,62700000,62700000,823,,True,0,False,0,0,2,False,7058564355843687451,False,False,1645438984.0,Bin Yet qu√£i ƒë·∫°n üì∏,False,False,1,True,0,MS4wLjABAAAAcSeVNuswBWhbGWYH-2fl8glKWqo8SKOHpdgybiD_o5tbwAgdR0o0o6H_dOWPVNMD,False,"0783875077 (Mr. Th·ª©c)
Mail: binyet.booking@gmail.com
FB: Nguyen Anh Tu (Bin Yet)",0,False,binyetvlog,False,,,,,,,,,
20250213002200BCB7216660AA60161003,1739377320000,20250213002200BCB7216660AA60161003,"@captaiinboyy11_06 1.2m Followers, 40 Following, 21.5m Likes - Watch awesome short videos created by Captain Boy",Captain Boy on TikTok,0,0,,0,1200000,40,18,21500000,21500000,302,,True,0,False,0,0,2,False,6874526532905387009,False,False,1729535838.0,Captain Boy,False,False,1,False,0,MS4wLjABAAAAeKQFQUpQingWk0zFagdxnePPgqzeSNsLiWCRECZ7TPQ08d-uP-odcOr7sHFmhVwe,False,"IG: @captainboy_0603
ùô≤ùöòùöóùöùùöäùöåùöù : captain.nomadmgmt@gmail.com",0,False,captaiinboyy11_06,False,True,,,,,,,,
20250213010001A8BF119D327D561498D1,1739379601000,20250213010001A8BF119D327D561498D1,"@cuoi3112vuive 531.9k Followers, 75 Following, 8.3m Likes - Watch awesome short videos created by CU·ªòI VUI V·∫∫ ‚òòÔ∏è",CU·ªòI VUI V·∫∫ ‚òòÔ∏è on TikTok,0,0,,0,531900,75,71,8300000,8300000,196,,True,0,False,0,0,2,False,6542455097124962305,False,False,1688797441.0,CU·ªòI VUI V·∫∫ ‚òòÔ∏è,False,False,1,True,0,MS4wLjABAAAASJnoOnZThRdA4ogQsZa3ahOLy79jtgARlw69v3p8HAqwEYWxzBse9rZ2LqyMK2xs,False,"1 K√äNH DUY NH√ÇT
DI·ªÑN VI√äN T·∫†I HOA D∆Ø∆†NG ENTERTAINMENT
Contact: Huyq733@gmail.com",0,False,cuoi3112vuive,False,,,,,,,,,
20250213000439DA19496835326813C8B4,1739376279000,20250213000439DA19496835326813C8B4,"@dailywithzii 464.7k Followers, 116 Following, 10.3m Likes - Watch awesome short videos created by Duy Nh·∫•t",Duy Nh·∫•t on TikTok,0,0,,0,464700,116,95,10300000,10300000,372,3.0,True,0,False,0,0,1,False,6871826133525316609,False,False,1726158868.0,Duy Nh·∫•t,False,False,1,True,0,MS4wLjABAAAAvn8NQdclKrLW7EKKIc9EZWMASXKUMyY2JA1Awi-3Y82No5DmvPWPnICPyXOsnhuC,False,"TOP 10 KOC VIETNAMüáªüá≥
üî¥Live 10:00-15:00
Forwork dailywithzii.booking@gmail.com",0,False,dailywithzii,False,,beacons.ai/dailywithzii,,,,,,,
202502130022475A8EED1AE2EB2815BDFE,1739377367000,202502130022475A8EED1AE2EB2815BDFE,"@dieutrinh_1407 1.1m Followers, 62 Following, 27.7m Likes - Watch awesome short videos created by Di·ªáu Trinh",Di·ªáu Trinh on TikTok,0,0,,0,1100000,62,11,27700000,27700000,349,3.0,True,0,False,3,0,2,False,71922264056,False,False,1729806480.0,Di·ªáu Trinh,False,False,1,True,0,MS4wLjABAAAAydR9PnQp7jfAlAYXVO4zqiRKteLZ-QMfd_ncRsIVcvg,False,"For work: 0.7.9.6.8.1.7.4.3.1
ƒê·ªì t·ªõ d√πng üëá",0,False,dieutrinh_1407,False,,,True,,,,,,
2025021223271701F5E56DE5FEAD11E711,1739374037000,2025021223271701F5E56DE5FEAD11E711,"@divotungduong 1.4m Followers, 2 Following, 7.2m Likes - Watch awesome short videos created by Tung Duong",Tung Duong on TikTok,0,0,,0,1400000,2,2,7200000,7200000,228,,True,0,False,0,0,1,False,6758725048977343489,False,False,,Tung Duong,False,False,1,False,0,MS4wLjABAAAA8FE84pQRrKiPrf1zzv2cbrzBWIg6i6JMNZ6R37DbdSIMuYRS5mZKWTnIta1O-jF-,False,K√™nh TikTok- Official c·ªßa T√πng D∆∞∆°ng,0,False,divotungduong,True,True,,,,,,,,
202502122344105145FF6821E3D2125F31,1739375050000,202502122344105145FF6821E3D2125F31,"@dj.hye_na99 799.9k Followers, 7 Following, 8.7m Likes - Watch awesome short videos created by Dj hyena",Dj hyena on TikTok,0,0,,0,799900,7,6,8700000,8700000,176,0.0,True,0,False,0,0,2,False,6627477267079512066,False,False,1676565677.0,Dj hyena,False,False,1,True,0,MS4wLjABAAAAU5_HZnFVJEhx8HbVaam-FUSvCAdPeBXYTbSJPD2aQ089QRy1OFy4rlV_AXdxJxIM,False,"L·ªãch show di·ªÖn Na up tr√™n Ph·ªü B√≤ ·∫°
G.ma.il: djhyena99@gmail.com
CON G√ÅI THI·ªÜT ü•∞",0,False,dj.hye_na99,False,True,,True,,,,,,
20250212233047AE095FE65896DC108005,1739374247000,20250212233047AE095FE65896DC108005,"@dodattt 607.9k Followers, 22 Following, 2.7m Likes - Watch awesome short videos created by DoDat",DoDat on TikTok,0,0,,0,607900,22,22,2700000,2700000,29,3.0,True,0,False,0,0,2,False,236651696938962944,False,False,1685938386.0,DoDat,False,False,1,False,0,MS4wLjABAAAAibawZsaOzTssb9WKetaV_0FpqATLJj8qjqQcVAtC7HoYBE_nz5WB7FCkxn_63_-2,False,"Ng∆∞·ªùi n√†y kh√¥ng c√≥ g√¨ ƒë·∫∑c bi·ªát v√† kh√¥ng c√≥ ti·ªÉu s·ª≠.
·ª¶ng h·ªô cho m√¨nh t·∫°i ƒë√¢yüê•",0,False,dodattt,False,,,,7470535823978384183,,,,,
2025021300434184C773B5881D2713CAC4,1739378621000,2025021300434184C773B5881D2713CAC4,"@dong.thuydung 1.2m Followers, 169 Following, 39.1m Likes - Watch awesome short videos created by ƒê·ªìng Thu·ª≥ Dung",ƒê·ªìng Thu·ª≥ Dung on TikTok,0,0,,0,1200000,169,76,39100000,39100000,658,0.0,True,0,False,0,0,2,False,6664686504977252354,False,False,1731581602.0,ƒê·ªìng Thu·ª≥ Dung,False,False,1,False,0,MS4wLjABAAAA0QKahWHs190sOTMBaQMWpoBS3_AmmKhoZuNMe5sGB0wh-m7NyooIkut0MSbG20bJ,False,"For work: bichphuong191098@gmail.com(Meow)
Zl: 0866147098
@ƒê·ªìng Dung Kh√≥ T√≠nh",0,False,dong.thuydung,False,,,True,,,,,,
202502130000158B06A2032BFDD313A493,1739376015000,202502130000158B06A2032BFDD313A493,"@doquynhanh1705 2.4m Followers, 222 Following, 118.6m Likes - Watch awesome short videos created by Wyn anh",Wyn anh on TikTok,0,0,,0,2400000,222,208,118600000,118600000,290,3.0,True,0,False,0,0,2,False,6518660034288336898,False,False,1668525907.0,Wyn anh,False,False,1,False,0,MS4wLjABAAAARSzW43QIU10-O1kA1hHxF_Eme-SX3XL-APXisvmj4MV1LcoWbOzAAxpMy-arY33Z,False,T·∫•t c·∫£ s·∫£n ph·∫©m WA d√πng ·ªü ƒë√¢yyyyüå∑üíó,0,False,doquynhanh1705,False,,,,,,,,,
202502130033035038457D2707BE16353B,1739377983000,202502130033035038457D2707BE16353B,"@dorychang_03 10.2m Followers, 260 Following, 231.2m Likes - Watch awesome short videos created by ChangDoryüê¨",ChangDoryüê¨ on TikTok,0,0,,0,10200000,260,254,231200000,231200000,374,,True,0,False,3,0,2,False,6975809606870549506,False,False,1624248979.0,ChangDoryüê¨,False,False,1,False,0,MS4wLjABAAAAtIEF8H3fgbUnSY6pwIBRsxj57huTchWdelUQX8UFy0QI_xhZk7pKBDMFdDsESk0S,False,Booking CONTACT: storm.changdory@gmail.com,0,False,dorychang_03,False,,,True,,,,,,
202502130007079F55CF408F7B13160A44,1739376427000,202502130007079F55CF408F7B13160A44,"@ductung.official 2.1m Followers, 450 Following, 53.3m Likes - Watch awesome short videos created by ƒê·ª©c T√πng",ƒê·ª©c T√πng on TikTok,0,0,,0,2100000,450,132,53300000,53300000,380,3.0,True,0,True,0,0,2,False,6605367592264876034,False,False,1737641993.0,ƒê·ª©c T√πng,False,False,1,True,0,MS4wLjABAAAA-sQte-_BI8tYtib7PLNWczi78yxIWs1tm8GXoQS3g3eoga5wmFIlVPR80tVAHlka,False,"YT Channel  : ƒê·ª©c T√πng Official
üì© : dtungg2003@gmail.com",0,False,ductung.official,False,,,True,,Media & Entertainment,False,,,1737642015.0
20250213003635C428FAB1E18A75159611,1739378195000,20250213003635C428FAB1E18A75159611,"@dukesodope 1.6m Followers, 286 Following, 64.8m Likes - Watch awesome short videos created by Ng∆∞·ªùi Vi·ªát g·ªëc c√¢y üå≤",Ng∆∞·ªùi Vi·ªát g·ªëc c√¢y üå≤ on TikTok,0,0,,0,1600000,286,205,64800000,64800000,914,,True,0,False,0,0,2,False,6578419013243125762,False,False,1637592534.0,Ng∆∞·ªùi Vi·ªát g·ªëc c√¢y üå≤,False,False,1,True,0,MS4wLjABAAAA-8KC9vecSTTFxxz0HRKHms2eDPJPvywc8SmcbvpQaUC9LlCo4s_G6pH5RV9dhEFY,False,IG: dukecuoihehe,0,False,dukesodope,False,,,True,,,,,,
2025021223321752B6C48FA1266511AAAF,1739374337000,2025021223321752B6C48FA1266511AAAF,"@duybestvo 1.1m Followers, 485 Following, 49.8m Likes - Watch awesome short videos created by duybest üî•",duybest üî• on TikTok,0,0,,0,1100000,485,434,49800000,49800000,938,3.0,True,0,False,0,0,1,False,7052951785791685659,False,False,1692805005.0,duybest üî•,False,False,1,True,0,MS4wLjABAAAAQ0UFp6NXUlr2vJLqQTqxfXaz2FUjz3ibH0zBY4wAnRi7xWZX3jkXvE-AQBInj3ay,False,"contact for work ‚ù§Ô∏è duybestvo@gmail.com
0Ô∏è‚É£9Ô∏è‚É£3Ô∏è‚É£9Ô∏è‚É£9Ô∏è‚É£1Ô∏è‚É£6Ô∏è‚É£3Ô∏è‚É£3Ô∏è‚É£7Ô∏è‚É£",0,False,duybestvo,False,,,True,,,,,,
202502130027219D63B6F10209D112A00C,1739377641000,202502130027219D63B6F10209D112A00C,"@duytrung.official 1.0m Followers, 1215 Following, 8.0m Likes - Watch awesome short videos created by Nguy·ªÖn Duy Trung ‚öΩÔ∏è",Nguy·ªÖn Duy Trung ‚öΩÔ∏è on TikTok,0,0,,0,1000000,1215,1089,8000000,8000000,383,0.0,True,0,False,0,0,2,False,6793470155940824066,False,False,1723402587.0,Nguy·ªÖn Duy Trung ‚öΩÔ∏è,False,False,1,True,0,MS4wLjABAAAAh521eLjokIRL7PZyL4RzizjnvdHwznLHOvIE6ypeVPge1E6zR1uJmEYZeh3bPGEv,False,"Contact for booking : dkp1113@gmail.com
Fb: Nguy·ªÖn Duy Trung
Ig:duytrungofficial",0,False,duytrung.official,False,,,True,,,,,,
202502130008402000F1B6CDF3B5141C61,1739376521000,202502130008402000F1B6CDF3B5141C61,"@giadinhtruyenhinh 1.8m Followers, 140 Following, 68.4m Likes - Watch awesome short videos created by Gia ƒë√¨nh Truy·ªÅn H√¨nh",Gia ƒë√¨nh Truy·ªÅn H√¨nh on TikTok,0,0,,0,1800000,140,74,68400000,68400000,606,3.0,True,0,False,0,0,2,False,7098651689078834178,False,False,1663174278.0,Gia ƒë√¨nh Truy·ªÅn H√¨nh,False,False,1,True,0,MS4wLjABAAAA-mMAVm5PmajFA1M5lqK2EcnLhj4OSIE83T_TxGTMs2KPIzJF-gHjFhRTHp5BoNkY,False,"Cu·ªôc s·ªëng c·ªßa 1 Gia ƒë√¨nh Truy·ªÅn H√¨nh
LH: Hello.giadinhtruyenhinh@thetalent.vn",0,False,giadinhtruyenhinh,True,,,,,,,,,
20250213005748C93F4CA07EF92516D99F,1739379468000,20250213005748C93F4CA07EF92516D99F,"@gjbao 576.2k Followers, 58 Following, 25.0m Likes - Watch awesome short videos created by Gia B·∫£o",Gia B·∫£o on TikTok,0,0,,0,576200,58,43,25000000,25000000,213,3.0,True,0,False,0,0,2,False,6732266719404737537,False,False,,Gia B·∫£o,False,False,1,True,0,MS4wLjABAAAA1EkZ8wZkjtgRy-sCxpKLz2RHVm0lh0g4aVA0QwGMRS711aRXCJ3zsl4qZiVZ2RA_,False,üì© : caidamnay@xiprod.com,0,False,gjbao,False,,,,,,,,,
202502130133091594194F79884E196573,1739381589000,202502130133091594194F79884E196573,"@gowiththuong 730.1k Followers, 0 Following, 21.3m Likes - Watch awesome short videos created by Gowiththuong",Gowiththuong on TikTok,0,0,,0,730100,0,0,21300000,21300000,126,3.0,True,0,False,0,0,1,False,217273669184565248,False,False,,Gowiththuong,False,False,1,True,0,MS4wLjABAAAA6Gz8Sq0MqUCXIdcRCrPNm4bMDwQvfkGMjfY4hLtr5QQ1W2aqOdo3V-CSiFzDGjG5,False,"Nh·∫Øn tin IG: @gowiththuongg ƒë·ªÉ book l·ªãch ch·ª•p ‚ù§Ô∏è
LINK MUA PH·ª§ KI·ªÜN CH·ª§P ·∫¢NHüëáüèª",0,False,gowiththuong,False,,beacons.page/gowiththuong,,,,,,,
20250213003025DC537F3CABC59815064C,1739377825000,20250213003025DC537F3CABC59815064C,"@haiyendinhduong 778.5k Followers, 32 Following, 31.1m Likes - Watch awesome short videos created by Miiu‚ú®",Miiu‚ú® on TikTok,0,0,,0,778500,32,18,31100000,31100000,67,3.0,True,0,False,0,0,2,False,6982526774841738241,False,False,1725687750.0,Miiu‚ú®,False,False,1,True,0,MS4wLjABAAAAChCJu-1-74z0u7LNfi9GRSgKL7g5bOs_iGYqzwMYkywXnq4aSveyMf6I7UmfqUA2,False,"@Miiu ƒë·∫°i ka
Forwork: booking@dcmedia.vn 
""H·ªçc ƒë·ªÉ ƒë·∫πp h∆°n m·ªói ng√†y""",0,False,haiyendinhduong,False,,,True,,,,,,
202502122337529FF086758D8335136B3B,1739374672000,202502122337529FF086758D8335136B3B,"@happipham 1.0m Followers, 830 Following, 36.2m Likes - Watch awesome short videos created by Happi Pham",Happi Pham on TikTok,0,0,,0,1000000,830,56,36200000,36200000,782,0.0,True,0,False,3,0,2,False,6888406561250804741,False,False,1669367321.0,Happi Pham,False,False,1,True,0,MS4wLjABAAAAAw5fwRvPsBr-lKer4S8b2No0ti4YpBghVuJvg9hx06GXHYZQzUWW_15XjkqmfsqO,False,"CHUY√äN KHOA L√îNG,T√ìC-√öC
International Association of Trichologistsüáªüá≥üá¶üá∫üè≥Ô∏è‚Äçüåà",0,False,happipham,False,,,,,,,,,
202502130000474B2CEC8C31283D123BF5,1739376047000,202502130000474B2CEC8C31283D123BF5,"@hmeuu 883.0k Followers, 260 Following, 35.5m Likes - Watch awesome short videos created by Huyen Nguyen",Huyen Nguyen on TikTok,0,0,,0,883000,260,96,35500000,35500000,990,3.0,True,0,False,3,0,1,False,6774012369175086082,False,False,,Huyen Nguyen,False,False,1,False,0,MS4wLjABAAAAKkvYOy8a92RL9KOpKeVjIILBszLZU-a2EEGn33FCFAvU6p3lnqaUvfQFB6sn8STO,False,"‚úâÔ∏è Hmeuwork@gmail.com 
IG Hmeuu 

ƒê·ªí TUI M·∫∂C N√à üëáho·∫∑c v√†o IG nha",0,False,hmeuu,False,,beacons.page/hmeu15,True,,,,,,
2025021300142959EC50FAF0302D1601CC,1739376869000,2025021300142959EC50FAF0302D1601CC,"@hoanganhdeptrailam 874.4k Followers, 48 Following, 36.7m Likes - Watch awesome short videos created by Panda Ch√¢n L√Ω",Panda Ch√¢n L√Ω on TikTok,0,0,,0,874400,48,47,36700000,36700000,443,0.0,True,0,False,3,0,1,False,7074548497097344026,False,False,1648967172.0,Panda Ch√¢n L√Ω,False,False,1,True,0,MS4wLjABAAAAYQK0lSO-lNEGWsCnhXZrDCAhe6LYfipzbsmaX1iDr9__ZGNy2TLJqwoVEDfiy7ZM,False,üëâüèªKH√îNG NH·∫¨N BOOKING QU√ÅN ƒÇN,0,False,hoanganhdeptrailam,False,,,,,,,,,
202502122329288AA6CA90D094011219C0,1739374168000,202502122329288AA6CA90D094011219C0,"@hulkcn 894.1k Followers, 0 Following, 25.1m Likes - Watch awesome short videos created by Hulkcn üí™",Hulkcn üí™ on TikTok,0,0,,0,894100,0,0,25100000,25100000,230,0.0,True,0,False,0,0,1,False,7287202891054941217,False,False,1719666804.0,Hulkcn üí™,False,False,1,True,0,MS4wLjABAAAAPbo6ESc2TtmntPSsFyRaS8LatX1ZPP2ZRZ1r82EQPwr4zCByg5LModKwzz3dg5Bc,False,Â∏åÊúõÂú®Êñ∞ÁöÑÊó•Â≠êÈáåÊàë‰ª¨‰∏ÄËµ∑Âä†Ê≤π‰∏ÄËµ∑Âä™ÂäõËßÅËØÅ‰∏çÂêåÁöÑËá™Â∑± üí™ü§®‚úåÔ∏è,0,False,hulkcn,False,,,,,,,,,
20250213005016A3544017EA082C14F678,1739379016000,20250213005016A3544017EA082C14F678,"@hungcaidum2 1.0m Followers, 33 Following, 12.7m Likes - Watch awesome short videos created by H√πng Akira",H√πng Akira on TikTok,0,0,,0,1000000,33,27,12700000,12700000,152,0.0,True,0,True,0,0,1,False,7063386232688493595,False,False,1658982004.0,H√πng Akira,False,False,1,False,0,MS4wLjABAAAAITGW_HKxVo9QNy8YqA3itPTBp0-GZAAH6am7BBbxMtXHgQnrW4y3nPEUi-s3y-GT,False,,0,False,hungcaidum2,False,,,,,Gaming,False,,,
20250213000029A1DA82204356C213E73B,1739376029000,20250213000029A1DA82204356C213E73B,"@hunghuynh.gem 964.4k Followers, 7 Following, 20.9m Likes - Watch awesome short videos created by H√πng Hu·ª≥nh",H√πng Hu·ª≥nh on TikTok,0,0,,0,964400,7,6,20900000,20900000,384,,True,0,False,0,3,2,False,64048730415,False,False,1727965643.0,H√πng Hu·ª≥nh,False,False,1,False,0,MS4wLjABAAAA17QfBlmcD4wV6Zz2tz2N6ZLYlntjKLztNkHrjEUseKQ,False,"IG: hunghuynh.gem
FB: H√πng Hu·ª≥nh ( ch·ªâ 1 acc duy nh·∫•t )",3,False,hunghuynh.gem,False,True,,,,,,,,
20250213011031BF51ADE2F9536817F533,1739380231000,20250213011031BF51ADE2F9536817F533,"@hungrom97.official 1.3m Followers, 98 Following, 38.4m Likes - Watch awesome short videos created by H√πng R∆°m",H√πng R∆°m on TikTok,0,0,,0,1300000,98,94,38400000,38400000,667,0.0,True,0,False,0,0,2,False,6516478024660189186,False,False,1708427008.0,H√πng R∆°m,False,False,1,True,0,MS4wLjABAAAADzaAUDWeRllEO-m2kAP5LhZ0RVU7mevHp6i07LcaAJ5HUbnDwNcASeoeiBBPdV2a,False,"Inbox for Job üëá
Phansyhung97@gmail.com
I.G : hungrom97_",0,False,hungrom97.official,True,,,True,,,,,,
20250213005349CC616E9552D429141A21,1739379229000,20250213005349CC616E9552D429141A21,"@hungther19 766.1k Followers, 1 Following, 14.6m Likes - Watch awesome short videos created by H√πng ther",H√πng ther on TikTok,0,0,,0,766100,1,1,14600000,14600000,404,,True,0,False,0,0,1,False,6519877420426149890,False,False,1689818158.0,H√πng ther,False,False,1,True,0,MS4wLjABAAAAhp9W12-Lbg_ttDmy9-Pyh_Awxl_nuT8AyC_v5FG4U42xPVF_wOr5xJLSD0eX9xIU,False,"H√πng ther k·∫ª b√°n m·ªông mer ‚ô•Ô∏è
For work: 0961961826
Booking@dcmedia.vn",0,False,hungther19,False,,,True,,,,,,
20250213003013DE373E9052D2B613F3F0,1739377813000,20250213003013DE373E9052D2B613F3F0,"@hurrykhang 855.1k Followers, 75 Following, 11.7m Likes - Watch awesome short videos created by HURRYKNG",HURRYKNG on TikTok,0,0,,0,855100,75,40,11700000,11700000,156,0.0,True,0,False,0,0,2,False,6535091477667643403,False,False,1690938076.0,HURRYKNG,False,False,1,False,0,MS4wLjABAAAA2IZ28DHj8wnHtruh9ZlE0qME1DdHRus7Yp-5lq031OZtBqSdagiGD2RTylCmrwm4,False,"ƒê√¢y l√† account ch√≠nh th·ª©c c·ªßa HURRYKNG ‚úÖ
√ÇM L√äN 100 is OUT NOW !!!",0,False,hurrykhang,False,True,,,,,,,,
20250213004127F069CDDCBDE9E215A50E,1739378487000,20250213004127F069CDDCBDE9E215A50E,"@joilaiii 1.4m Followers, 45 Following, 23.2m Likes - Watch awesome short videos created by S·ª± Tr·ªü L·∫°i C·ªßa Joi ‚ú®",S·ª± Tr·ªü L·∫°i C·ªßa Joi ‚ú® on TikTok,0,0,,0,1400000,45,41,23200000,23200000,279,3.0,True,0,False,3,0,2,False,7189469130780787738,False,False,1676096444.0,S·ª± Tr·ªü L·∫°i C·ªßa Joi ‚ú®,False,False,1,True,0,MS4wLjABAAAArm_Ana9igsDB1pB_IwHh5HC2eRBmDKfH2kPPBfldth3AoH3k2b7UQtIVqi0yU946,False,"Job: huycao763@gmail.com
 YTB: Joi T·∫•u H√†i ‚ù§Ô∏è‚Äçüî• 
C·∫ßn Acc FF üî•
üëáüëáüëá",0,False,joilaiii,False,,,,,,,,,
20250212234427855321E55A2ED512FAE1,1739375067000,20250212234427855321E55A2ED512FAE1,"@khuamatvuong 689.4k Followers, 171 Following, 28.8m Likes - Watch awesome short videos created by Anh M·∫∑t Vu√¥ng",Anh M·∫∑t Vu√¥ng on TikTok,0,0,,0,689400,171,68,28800000,28800000,444,,True,0,False,0,0,1,False,7174664197833720858,False,False,1687430613.0,Anh M·∫∑t Vu√¥ng,False,False,1,True,0,MS4wLjABAAAAWVK7X2xAbYowOyBEZSTN96OYu_n_fJ6Ua5ijJZLv93bB5QMA0SAxShrt_tUB2hKr,False,"Contacts mua xe: 0826999909 (TraiDepBanXeRe)
Booking: khuamatvuong@gmail.com",0,False,khuamatvuong,False,,,,,,,,,
20250213003536D9ACB2EAE447A514FE4F,1739378136000,20250213003536D9ACB2EAE447A514FE4F,"@lamvlog 2.0m Followers, 12 Following, 17.8m Likes - Watch awesome short videos created by L√¢m Vlog",L√¢m Vlog on TikTok,0,0,,0,2000000,12,5,17800000,17800000,109,,True,0,False,0,0,2,False,6645167631564816386,False,False,,L√¢m Vlog,False,False,1,True,0,MS4wLjABAAAAsWQEEzT7k80boJ-RN69cP5Ba9qN9h-C_RaK_SvU-eSxvSk2r315AAvob1Tyyut5J,False,Li√™n h·ªá t√†i tr·ª£/qu·∫£ng c√°o: ChauNguyen@LamVlog.com (Mrs. Ch√¢u),0,False,lamvlog,False,,,,,,,,,
202502130103286496B543F5559B169209,1739379808000,202502130103286496B543F5559B169209,"@laquocquyen 1.5m Followers, 97 Following, 34.1m Likes - Watch awesome short videos created by L√£ Qu·ªëc Quy·ªÅn",L√£ Qu·ªëc Quy·ªÅn on TikTok,0,0,,0,1500000,97,38,34100000,34100000,101,,True,0,False,0,0,2,False,7092274959032992770,False,False,1700036964.0,L√£ Qu·ªëc Quy·ªÅn,False,False,1,False,0,MS4wLjABAAAA8ZIdPb7WVf6jPooTrrZr2e0Rh05uIudpTAkQLqufv1MkR1jyMDwp6qwimTeNw9Sf,False,"L√£ Qu·ªëc Quy·ªÅn - Quy·ªÅn Leo Daily

Lh: Quyenleodaily.livestream@gmail.com",0,False,laquocquyen,True,,,,,,,,,
20250213005820DF1E896E483F5317415B,1739379500000,20250213005820DF1E896E483F5317415B,"@lemkcr 571.9k Followers, 292 Following, 22.1m Likes - Watch awesome short videos created by L√®m",L√®m on TikTok,0,0,,0,571900,292,86,22100000,22100000,502,3.0,True,0,False,0,0,2,False,67369889957,False,False,1647244303.0,L√®m,False,False,1,True,0,MS4wLjABAAAA9Q84_zeCdd6iaXlj6jt9UgBNHJxAOsvaF6ePcevqVu0,False,"ü§°üå±ins: Lemkcr 
Forwork Booking: forwork.gem@gmail.com
0762531897 (Ms.T√¢m)",0,False,lemkcr,False,,beacons.ai/lemkcr,,,,,,,
2025021300320966BE3672442D1D1371FE,1739377929000,2025021300320966BE3672442D1D1371FE,"@letuankhang2002 13.6m Followers, 2 Following, 120.6m Likes - Watch awesome short videos created by L√™ Tu·∫•n Khang",L√™ Tu·∫•n Khang on TikTok,0,0,,0,13600000,2,2,120600000,120600000,165,0.0,True,0,False,0,0,1,False,6648431178867015681,False,False,1638508387.0,L√™ Tu·∫•n Khang,False,False,1,False,0,MS4wLjABAAAA99l93xF9QczTlARXrIzzYNYo0A_QbfFlMqgHm7hPNTaT1htbYvdrn36RQv4X8YFI,False,"Cu·ªôc s·ªëng ·ªü qu√™ em, y√™n b√¨nh v√† gi·∫£n d·ªã!",0,False,letuankhang2002,True,,,,,,,,,
20250212235816A079579B2FCDDB14EF67,1739375896000,20250212235816A079579B2FCDDB14EF67,"@lisanailvn 2.4m Followers, 103 Following, 58.2m Likes - Watch awesome short videos created by Lisa Nail & Spa",Lisa Nail & Spa on TikTok,0,0,,0,2400000,103,13,58200000,58200000,309,3.0,True,0,True,0,0,2,False,7078865847124788226,False,False,1678532720.0,Lisa Nail & Spa,False,False,1,True,0,MS4wLjABAAAALNBtFWOTC99fzZryZYtJvn6U3qd2STekyDeHUcT2AapHFQQhZHu21dskMmT1U4CT,False,"416A Hai B√† Tr∆∞ng,T√¢n ƒê·ªãnh, Q1
198 CMT8,P10, Q3
420 Nguy·ªÖn Th·ªã Th·∫≠p,T√¢n Quy, Q7",0,False,lisanailvn,False,,,True,,Beauty,False,,,
20250213004821124339310389D11461AC,1739378901000,20250213004821124339310389D11461AC,"@lolifamily9496 1.0m Followers, 364 Following, 29.6m Likes - Watch awesome short videos created by LoLifamily",LoLifamily on TikTok,0,0,,0,1000000,364,27,29600000,29600000,731,3.0,True,0,True,0,0,2,False,6531979953659019265,False,False,1612492107.0,LoLifamily,False,False,1,True,0,MS4wLjABAAAA6F6jqTiyRNOL37lD_SMRamvE_nkwX1VtYMtF7VTX5RUF-o2EDxYb2PAjoeh9cBt8,False,For work: longlinh9496@gmail.com,0,False,lolifamily9496,False,,,True,,Media & Entertainment,False,,,
20250213001228D2C14713F82DF412409A,1739376748000,20250213001228D2C14713F82DF412409A,"@longr_yt 1.4m Followers, 10 Following, 23.6m Likes - Watch awesome short videos created by LongR",LongR on TikTok,0,0,,0,1400000,10,9,23600000,23600000,130,,True,0,False,0,0,2,False,7233357886448305158,False,False,1701083469.0,LongR,False,False,1,False,0,MS4wLjABAAAAHJG5kH5C88ywJjDqFBOYqxRhlxVbJVXX-cvlwoRZn7lVy_0OpcRZoJPyFjgsMM20,False,üíå booking@allymedia.vn,0,False,longr_yt,False,,,,,,,,,
20250213010636FE5BD5FFFA4CFF16A9DC,1739379996000,20250213010636FE5BD5FFFA4CFF16A9DC,"@longvu.nhim 1.4m Followers, 110 Following, 24.7m Likes - Watch awesome short videos created by Long V≈©",Long V≈© on TikTok,0,0,,0,1400000,110,51,24700000,24700000,209,0.0,True,0,False,0,0,2,False,218775228817334272,False,False,1732095175.0,Long V≈©,False,False,1,True,0,MS4wLjABAAAAgYv5dxl2ScQJqZNGf0Mg1wp2Vtd-E02y22bT51tZa9516L6Fel4nKue8N6lo5OuX,False,‚òéÔ∏è CONTACT for WORK. longvu.nhim@gmail.com,0,False,longvu.nhim,False,,Https://www.Facebook.com/dienvienlongvu,True,,,,,,
202502130054252E351A9942283916015B,1739379265000,202502130054252E351A9942283916015B,"@maitaybac 717.1k Followers, 699 Following, 12.2m Likes - Watch awesome short videos created by Mai T√¢y B·∫Øc",Mai T√¢y B·∫Øc on TikTok,0,0,,0,717100,699,398,12200000,12200000,423,,True,0,True,3,0,1,False,6703057316235592705,False,False,1650908490.0,Mai T√¢y B·∫Øc,False,False,1,True,0,MS4wLjABAAAARgN31y9l8NDhD3YhglOOYUubgHCzwIIzsE91B9RrqeU_nTtOphzBBG3QNxGNVR_D,False,"Cu·ªôc s·ªëng, ·∫®m th·ª±c, ƒê·∫∑c s·∫£n T√¢y B·∫Øc s·∫°ch v√† l√†nh üçÄ",0,False,maitaybac,False,,,,,Food & Beverage,False,,,
202502130002592864EA6C6A11D61241B2,1739376179000,202502130002592864EA6C6A11D61241B2,"@may2kar5 765.0k Followers, 34 Following, 39.1m Likes - Watch awesome short videos created by M√¢y 2kar5",M√¢y 2kar5 on TikTok,0,0,,0,765000,34,22,39100000,39100000,1143,3.0,True,0,False,0,0,1,False,6510507869422452738,False,False,1609326905.0,M√¢y 2kar5,False,False,1,True,0,MS4wLjABAAAAMTMiY0r9cPDL1FXQewZ_bdS9VEvIUjmcIlSSHKG9ER-XRb-7rs91iwoMk7ybmLXO,False,"üíå FOR WORK :
maimainhat1206@gmail.com

üî• Shoptethan.com üî•",0,False,may2kar5,False,,,True,,,,,,
202502130013397DF4E4856EAD68137AE9,1739376819000,202502130013397DF4E4856EAD68137AE9,"@maysaa.ptbs 1.2m Followers, 29 Following, 27.9m Likes - Watch awesome short videos created by Maysaa",Maysaa on TikTok,0,0,,0,1200000,29,26,27900000,27900000,316,,True,0,False,0,0,2,False,6914955247144649729,False,False,1674024252.0,Maysaa,False,False,1,True,0,MS4wLjABAAAANr-qgaG49WCl3XD3zR_Cz-cc6dqDU8_t-VN8TSKQxMwexf6lui6uwGv4kqYnX875,False,C√¥ b√© L√†o üá±üá¶‚ô•Ô∏èüáªüá≥ Vi·ªát Nam,0,False,maysaa.ptbs,False,,,True,,,,,,
202502130059592D94DA273F4607145FA0,1739379599000,202502130059592D94DA273F4607145FA0,"@mollu_2002umt 543.2k Followers, 39 Following, 8.7m Likes - Watch awesome short videos created by Mollu√öpM√¨T√¥m üçúüê∞",Mollu√öpM√¨T√¥m üçúüê∞ on TikTok,0,0,,0,543200,39,39,8700000,8700000,108,,True,0,False,3,3,2,False,7137786794015392795,False,False,1668335974.0,Mollu√öpM√¨T√¥m üçúüê∞,False,False,1,True,0,MS4wLjABAAAAvCk8-jmCAUktdXXABEjbOk_hSe0DYVQ9ikE9DIO3aV8L2dbm3TFq48dgEZ3Aegdw,False,"L√™ Nguy·ªÖn Tr√¢n Ch√¢u üéÄ
( ch∆∞a c√≥ gi·ªù live nh·∫•t ƒë·ªãnh )
Qƒê: Team-√öpM√¨Í™îÃ§Ã±",3,False,mollu_2002umt,False,,,True,,,,,,
20250213000004996E85D79DA785139EC7,1739376004000,20250213000004996E85D79DA785139EC7,"@ndl204 676.0k Followers, 2 Following, 17.6m Likes - Watch awesome short videos created by Nguyen Dieu Linh",Nguyen Dieu Linh on TikTok,0,0,,0,676000,2,2,17600000,17600000,88,0.0,True,0,False,3,3,1,False,6798425958485328898,False,False,1716543319.0,Nguyen Dieu Linh,False,False,1,False,0,MS4wLjABAAAAgmBylVJMo4NsMZF0QOVswLuhJiX15GS6EVa3bcGKBR_FqzcMUsjJ2Y3eZBDgh8LL,False,real,3,False,ndl204,False,,,,,,,,,
202502130031227ACACBE229F273147F2C,1739377882000,202502130031227ACACBE229F273147F2C,"@nghesivandung 606.5k Followers, 2 Following, 5.7m Likes - Watch awesome short videos created by V√¢n Dung",V√¢n Dung on TikTok,0,0,,0,606500,2,1,5700000,5700000,81,0.0,True,0,False,0,0,1,False,6657024805399052289,False,False,,V√¢n Dung,False,False,1,True,0,MS4wLjABAAAA7nMRasJDZLypZmAYyn02UFTvUxsYGpPuvVJnQfDv5KYweArvpzAlKyc1za1P99S7,False,Gi√∫p B·∫°n C∆∞·ªùi Nhi·ªÅu H∆°n M·ªói Ng√†y. Follow ƒê·ªÉ Tham Gia..!,0,False,nghesivandung,False,,,True,,,,,,
20250212232732453895C946B26612B6E5,1739374052000,20250212232732453895C946B26612B6E5,"@ngoanhtan1 1.0m Followers, 419 Following, 34.1m Likes - Watch awesome short videos created by T·∫•n Xa Nh√†",T·∫•n Xa Nh√† on TikTok,0,0,,0,1000000,419,315,34100000,34100000,536,,True,0,False,0,0,2,False,6576098022130925569,False,False,1672132417.0,T·∫•n Xa Nh√†,False,False,1,True,0,MS4wLjABAAAAuVGt9PQx5RmDPtEVGkR2Y-vohSXDnNGFNsCqllyCjtxU7-lrr_GhsEDSnzdDjBgf,False,"S√°ng m√¨ g√≥i - T·ªëi th·ªãt b√≤
For work: ngoanhtan.contact@gmail.com üì©",0,False,ngoanhtan1,False,,,True,,,,,,
2025021300450870D8243254D7CF147DD9,1739378708000,2025021300450870D8243254D7CF147DD9,"@nguyenhuyhaihuoc 1.0m Followers, 65 Following, 25.1m Likes - Watch awesome short videos created by Nguy·ªÖn Huy Vlog",Nguy·ªÖn Huy Vlog on TikTok,0,0,,0,1000000,65,53,25100000,25100000,810,3.0,True,0,False,3,0,2,False,7047804824987812910,False,False,1705329998.0,Nguy·ªÖn Huy Vlog,False,False,1,True,0,MS4wLjABAAAAFqjgEhACnDjL_bjc2T1F_C0hTA5G2TY4l_duA5XuRU3qG5K304iV-ukyM6qKUmDG,False,ùêäùêûÃÇùêßùê° ùêèùê°ùêÆÃ£: ùêçùê†ùêÆùê≤ùêûÃÇÃÉùêß ùêáùêÆùê≤ ùêïùê•ùê®ùê† ùêìùêûùêöùê¶,0,False,nguyenhuyhaihuoc,False,,,True,,,,,,
2025021300301692E33EAAFB709512E595,1739377816000,2025021300301692E33EAAFB709512E595,"@nhtl2 831.2k Followers, 50 Following, 18.9m Likes - Watch awesome short videos created by Nh·∫≠t L·ªá",Nh·∫≠t L·ªá on TikTok,0,0,,0,831200,50,46,18900000,18900000,216,,True,0,False,0,0,1,False,16981699,False,False,,Nh·∫≠t L·ªá,False,False,1,False,0,MS4wLjABAAAAOmnjo6yt98lBUGRlUuvmKZgXDh9_XTMf9162E93y91I,False,Xin ch√†o m·ªçi ng∆∞·ªùi. ƒê√¢y l√† k√™nh Tiktok ch√≠nh th·ª©c c·ªßa m√¨nh ü§ì,0,False,nhtl2,True,,,,,,,,,
20250212235732020248CB8C9FB012C949,1739375852000,20250212235732020248CB8C9FB012C949,"@notatarotaccount 471.2k Followers, 32 Following, 36.1m Likes - Watch awesome short videos created by Tin Tr·∫ßn",Tin Tr·∫ßn on TikTok,0,0,,0,471200,32,30,36100000,36100000,248,,True,0,False,3,3,2,False,6952739612947825665,False,False,1727681700.0,Tin Tr·∫ßn,False,False,1,True,0,MS4wLjABAAAA1U-4cmdst7lLarq5MtzDyn2F6n5l8GrH81Aws-8_TYoXngVuWxGK9c-K4ovCuKYz,False,"Book l·ªãch b·∫£n ƒë·ªì sao qua ins: notatarotaccount.
For work: booking@vtvcab.vn",3,False,notatarotaccount,False,,,True,,,,,,
20250213000546A831272E9487E611C819,1739376346000,20250213000546A831272E9487E611C819,"@pamyeuoi 2.4m Followers, 2 Following, 73.1m Likes - Watch awesome short videos created by Pamela H·∫£i ƒê∆∞·ªùng üå∫",Pamela H·∫£i ƒê∆∞·ªùng üå∫ on TikTok,0,0,,0,2400000,2,2,73100000,73100000,229,0.0,True,0,False,0,0,1,False,7218581772639962139,False,False,1698120729.0,Pamela H·∫£i ƒê∆∞·ªùng üå∫,False,False,1,False,0,MS4wLjABAAAATMpkOf2bUxwi00Q-cZlGhjscb5oZW-4rvn6jsVVpHL1mJK_p5kaQg2bpDxHjPCI3,False,"Hello the hwourld üåè
Con l√† Pam m·∫∑t dzu√¥ng üòù
C√°c d√¨ up con nh·ªõ ƒë·ªÉ #pamyeuoi naa",0,False,pamyeuoi,False,,Linktr.ee/hatnhaifamily,,,,,,,
202502130033578F14C2CBF3792013E4FD,1739378037000,202502130033578F14C2CBF3792013E4FD,"@phamquynhhoaa 2.5m Followers, 97 Following, 131.5m Likes - Watch awesome short videos created by Qu·ª≥nh Hoa",Qu·ª≥nh Hoa on TikTok,0,0,,0,2500000,97,93,131500000,131500000,1030,,True,0,False,0,0,2,False,6914986522177651714,False,False,1697997829.0,Qu·ª≥nh Hoa,False,False,1,False,0,MS4wLjABAAAA37kNRWbDKOfEtYAs1BTDCrvPHtLbdR_P1_n_cHPdZEZMj1354G-4RvZJoyzdqzGw,False,"IG: @quynhhoa_ph
üì©: Booking.quynhhoa@gmail.com",0,False,phamquynhhoaa,False,,,,,,,,,
20250212234409FA5467252BC78311D5FE,1739375049000,20250212234409FA5467252BC78311D5FE,"@phanmaihoangphuck2 913.7k Followers, 5 Following, 20.5m Likes - Watch awesome short videos created by Ho√†ng Ph√∫c TV",Ho√†ng Ph√∫c TV on TikTok,0,0,,0,913700,5,5,20500000,20500000,116,,True,0,False,0,0,2,False,7173275568401957914,False,False,1738916554.0,Ho√†ng Ph√∫c TV,False,False,1,True,0,MS4wLjABAAAAx9jCSW9W8UIvhvl6AeRkcng5qXsldtk388cVFXbzXdJcHJqjLejPitx3v_ncf8v9,False,Gmail: phanmaihoangphuc2k2@gmail.com,0,False,phanmaihoangphuck2,False,,,,,,,,,
20250213005618ED84BE2BA86981177DBC,1739379378000,20250213005618ED84BE2BA86981177DBC,"@phongtranorigami 669.7k Followers, 777 Following, 7.3m Likes - Watch awesome short videos created by Phong Tran Origami",Phong Tran Origami on TikTok,0,0,,0,669700,777,27,7300000,7300000,35,3.0,True,0,False,0,0,2,False,7166860322149073963,False,False,1715490538.0,Phong Tran Origami,False,False,1,True,0,MS4wLjABAAAA8KLXvGtPbt2IYaJmM-mjenJTyoAGCUggZwMsvGX7boEtpq2hVPPSkl3bVnj23mms,False,"Tutorial on Phong Tran Origami youtube channel

DONATE
‚¨áÔ∏è",0,False,phongtranorigami,False,,,,,,,,,
20250213003436941FA534135916150019,1739378076000,20250213003436941FA534135916150019,"@phuoq089204 2.2m Followers, 875 Following, 74.5m Likes - Watch awesome short videos created by L√¢m Nam Ph∆∞∆°ng",L√¢m Nam Ph∆∞∆°ng on TikTok,0,0,,0,2200000,875,589,74500000,74500000,2678,3.0,True,0,False,3,0,1,False,6635546620862824449,False,False,1667905181.0,L√¢m Nam Ph∆∞∆°ng,False,False,1,True,0,MS4wLjABAAAALbBBWVDRt1x7NJBDer4wqSB-aDeDyww_KO710frDFXnnb4paJ0h2OJJuQR4sBtPp,False,"Contact work : 
namphuong68.job@gmail.com 
‚ù§Ô∏è‚ù§Ô∏è‚ù§Ô∏è‚ù§Ô∏è‚ù§Ô∏è‚ù§Ô∏è",0,False,phuoq089204,False,,,True,,,,,,
2025021223570794541BB9AD5EAC1268F0,1739375827000,2025021223570794541BB9AD5EAC1268F0,"@pnam30_ 541.6k Followers, 1 Following, 27.5m Likes - Watch awesome short videos created by Chi·∫øn Th·∫ßn S·ª£ V·ª£",Chi·∫øn Th·∫ßn S·ª£ V·ª£ on TikTok,0,0,,0,541600,1,1,27500000,27500000,277,3.0,True,0,False,0,0,1,False,100283142573318144,False,False,1713709093.0,Chi·∫øn Th·∫ßn S·ª£ V·ª£,False,False,1,True,0,MS4wLjABAAAA2XilB4Qgz9mBid3O3295jfiJRttv24fyNEu1DYSOnsPD6SVHbSCtzLJnWGcvFy0j,False,"IG: _pnam__  
üáªüá≥
M·ª©c ƒë·ªô h·ªÅ kh√° trung b√¨nh
üì© Contact: Babimilo1107@gmail.com",0,False,pnam30_,False,,Iuoilaiuentertainment.vn,True,,,,,,
20250213005029756100694ECCEA14E3C2,1739379029000,20250213005029756100694ECCEA14E3C2,"@quynhanhvuive 960.7k Followers, 8 Following, 41.0m Likes - Watch awesome short videos created by V≈© Th·ªã Qu·ª≥nh Anh",V≈© Th·ªã Qu·ª≥nh Anh on TikTok,0,0,,0,960700,8,8,41000000,41000000,550,3.0,True,0,False,0,0,1,False,7194311051512546330,False,False,1675056300.0,V≈© Th·ªã Qu·ª≥nh Anh,False,False,1,False,0,MS4wLjABAAAAss3X3ESIcqpSgST-LZ6J_XUNv225HytqA-smwWFsmzbE8rRNIFP5ZBTf8luVK_mK,False,"Ch·ªã √Åo Phao ƒêen 
FüéÄB : V≈© Th·ªã Qu·ª≥nh Anh
IG quyn.anh201",0,False,quynhanhvuive,False,,,,,,,,,
202502130113215359B3A93F976D17AAF5,1739380401000,202502130113215359B3A93F976D17AAF5,"@ranhthi 953.3k Followers, 48 Following, 33.7m Likes - Watch awesome short videos created by üåæ R·∫£nh Th·ªã ‚öìÔ∏èüîê",üåæ R·∫£nh Th·ªã ‚öìÔ∏èüîê on TikTok,0,0,,0,953300,48,46,33700000,33700000,688,,True,0,False,3,0,2,False,6761171512697832449,False,False,1661926961.0,üåæ R·∫£nh Th·ªã ‚öìÔ∏èüîê,False,False,1,False,0,MS4wLjABAAAAzp7cmPdxl-KxLZPA9JvXNZd1r4YioGWJsMh-cNQdknE87YDTowuDxWQCwJ7jOS1v,False,"Li√™n h·ªá c√¥ng vi·ªác 
0783995698",0,False,ranhthi,False,,,,,,,,,
20250213003148E0D18DA9A074B512D1D5,1739377908000,20250213003148E0D18DA9A074B512D1D5,"@remind.ne 425.9k Followers, 56 Following, 8.5m Likes - Watch awesome short videos created by Remind n√®",Remind n√® on TikTok,0,0,,0,425900,56,18,8500000,8500000,136,,True,0,False,0,0,1,False,6680350304054002690,False,False,1676803672.0,Remind n√®,False,False,1,False,0,MS4wLjABAAAATT9lBP2nawqaiT8wFqY_bU2xZWY9XYpRYRkJV5QGAFFrnPw1tm94hZCSLBk35R_C,False,"Vietnamese /Content Creator /Streamer
bento.me/remindne",0,False,remind.ne,False,,,,,,,,,
20250213003145B13FEFBF9C8A8213D0DB,1739377905000,20250213003145B13FEFBF9C8A8213D0DB,"@sevenreal2005 535.6k Followers, 34 Following, 8.8m Likes - Watch awesome short videos created by ùêíùêÑùêïùêÑùêç ùêÖùêÖ",ùêíùêÑùêïùêÑùêç ùêÖùêÖ on TikTok,0,0,,0,535600,34,30,8800000,8800000,80,3.0,True,0,False,0,0,1,False,6616265824808681473,False,False,1691648160.0,ùêíùêÑùêïùêÑùêç ùêÖùêÖ,False,False,1,False,0,MS4wLjABAAAAv5f8v_w3gGAFSBgrdyt8bbtUoeOaQPYdVLtIjrJIpDXpW-TlvVVIAJmjj54VxJkn,False,"üí∏Sale ·∫†c FaiFaiüí∏
‚ÜòÔ∏è‚¨áÔ∏è‚ÜôÔ∏è",0,False,sevenreal2005,False,,,,,,,,,
20250213005231855552C1696A61172CE7,1739379151000,20250213005231855552C1696A61172CE7,"@sonhanma_scl 847.4k Followers, 11 Following, 27.5m Likes - Watch awesome short videos created by S∆°n Hanma üëπüëæüëπ",S∆°n Hanma üëπüëæüëπ on TikTok,0,0,,0,847400,11,7,27500000,27500000,672,3.0,True,0,False,0,0,2,False,6644858313437937666,False,False,1653338137.0,S∆°n Hanma üëπüëæüëπ,False,False,1,True,0,MS4wLjABAAAAqtgYZPq1rffW3_dMZGlaOoYeunJ9HH1YU-ZOe7SvqcdHda7UAVis7om9r1GVpkoe,False,"m√¨nh c√≥ nh·∫≠n  hu·∫•n luy·ªán Calisthenics skill, tƒÉng c∆° nha üí™üî•
zl /sƒët:0329705926",0,False,sonhanma_scl,False,,,,,,,,,
2025021300571013AE5DD28BD82315C050,1739379430000,2025021300571013AE5DD28BD82315C050,"@thaison.83 583.6k Followers, 21 Following, 7.9m Likes - Watch awesome short videos created by Di·ªÖn vi√™n Th√°i S∆°n",Di·ªÖn vi√™n Th√°i S∆°n on TikTok,0,0,,0,583600,21,10,7900000,7900000,366,0.0,True,0,False,0,0,1,False,7054871274212754433,False,False,1658302946.0,Di·ªÖn vi√™n Th√°i S∆°n,False,False,1,True,0,MS4wLjABAAAAgsGctc3AoaYOP3g3vDoWZVY44UcTgUr4E3I_-5R8x6XGH91w1VnEoxy7JOEpJGVT,False,"K√™nh ch√≠nh th·ª©c duy nh·∫•t c·ªßa Th√°i S∆°n
Booking: 0982.84.88.84 (Mr.M·∫°nh)",0,False,thaison.83,True,,,,,,,,,
2025021300565217EB4E5424D567147F5A,1739379412000,2025021300565217EB4E5424D567147F5A,"@thanhhung3010 607.0k Followers, 31 Following, 11.0m Likes - Watch awesome short videos created by Thanh H∆∞ng",Thanh H∆∞ng on TikTok,0,0,,0,607000,31,22,11000000,11000000,546,0.0,True,0,False,0,0,1,False,6610965350120210433,False,False,1656089548.0,Thanh H∆∞ng,False,False,1,True,0,MS4wLjABAAAAELjdyJeCaxqRJ8s0IlTRjJ9bOHvdX1XbzUP-7qU74CHdL6qDiUKEzlJk8eSX_4SC,False,,0,False,thanhhung3010,True,True,,,,,,,,
202502130112244762C6DE6FBF5814BB86,1739380344000,202502130112244762C6DE6FBF5814BB86,"@thuycoluong 1.1m Followers, 19 Following, 33.5m Likes - Watch awesome short videos created by ThuyCoLuong üíé",ThuyCoLuong üíé on TikTok,0,0,,0,1100000,19,3,33500000,33500000,512,3.0,True,0,False,0,0,2,False,7032992170429940763,False,False,1639052921.0,ThuyCoLuong üíé,False,False,1,True,0,MS4wLjABAAAA2I9X_xCIG2Z2JfmkB41jepyy851nudZn-yB_TX-3XiKByxQB4e1YxVusRm5z5vcl,False,"Fanpage: Thuycoluong
üì© thuycoluong03@gmail.com
      booking@vtvcab.vn",0,False,thuycoluong,False,,,,,,,,,
20250213002953E17596F5E4FD6413E62B,1739377794000,20250213002953E17596F5E4FD6413E62B,"@tiennguyen._1805 959.2k Followers, 130 Following, 31.8m Likes - Watch awesome short videos created by Ti·∫øn Nguy·ªÖn",Ti·∫øn Nguy·ªÖn on TikTok,0,0,,0,959200,130,104,31800000,31800000,482,0.0,True,0,False,0,0,2,False,6915439418430161926,False,False,1610130891.0,Ti·∫øn Nguy·ªÖn,False,False,1,False,0,MS4wLjABAAAA7Bi5Rjusn3xqthgORpo8qRKVlNm1FiChJjvSzj7Rt7ctZ838EM-Sg1zNbG0H-G5-,False,Li√™n h·ªá Booking: tctmmo@gmail.com,0,False,tiennguyen._1805,False,,,,,,,,,
20250213010111B25291C2F267C91778B8,1739379671000,20250213010111B25291C2F267C91778B8,"@tinhnguyen241298 2.9m Followers, 250 Following, 76.8m Likes - Watch awesome short videos created by T√≠nh Nguy·ªÖn",T√≠nh Nguy·ªÖn on TikTok,0,0,,0,2900000,250,237,76800000,76800000,998,,True,0,False,3,0,2,False,6581379555976937474,False,False,1669792554.0,T√≠nh Nguy·ªÖn,False,False,1,True,0,MS4wLjABAAAAhuTUjrTrhUK7Nn3p21o6vxIRz8Zz3cXRghtiUzqTts3XzObt_NPieQgrlQexp9sc,False,"FB : T√≠nh nguy·ªÖn (TikTok ) 
IG : tinh.nguyen98
üì©: nguyentinh24121998@gmail.com",0,False,tinhnguyen241298,False,,,,,,,,,
202502122331029760736D84798A10DBA2,1739374262000,202502122331029760736D84798A10DBA2,"@tomskincare 557.2k Followers, 183 Following, 7.0m Likes - Watch awesome short videos created by tomskincare",tomskincare on TikTok,0,0,,0,557200,183,145,7000000,7000000,258,3.0,True,0,True,3,3,2,False,7216659399501956123,False,False,1680259680.0,tomskincare,False,False,1,True,0,MS4wLjABAAAAwak7b2LCWnn3J1wIJ_ZHXt6_VuNl0QCcfw5Bp1zVNoH6cPyPVZa-nZx7IS7D4Ffa,False,"8 nƒÉm kn
- LIVE t∆∞ v·∫•n da: t·ªëi T3,T5
- L·ªõp h·ªçc skincare b·∫Øt ƒë·∫ßu 21/2/25
ƒê.ky‚¨áÔ∏è",3,False,tomskincare,False,,,,,Beauty,False,,,
20250213000333503F1F335CCA05135975,1739376213000,20250213000333503F1F335CCA05135975,"@trangtam2607 663.9k Followers, 92 Following, 35.4m Likes - Watch awesome short videos created by Trang T·∫•m",Trang T·∫•m on TikTok,0,0,,0,663900,92,63,35400000,35400000,639,3.0,True,0,False,0,0,1,False,6601643387346321410,False,False,1650619829.0,Trang T·∫•m,False,False,1,True,0,MS4wLjABAAAAihY5UEK2Vr1FZuNDnJjHonggfpu6Z4rsr6SrYLPrwNNdoI7RaKKb-GB6yHI9gHnr,False,"For works: nguyendientrang794@gmail.com
S·∫£n ph·∫©m tui c√≥ tr·∫£i nghi·ªám t·ªët üëáüèº",0,False,trangtam2607,False,,,True,,,,,,
2025021301071535FE2307E8DE8C16F796,1739380036000,2025021301071535FE2307E8DE8C16F796,"@tranquangminh 1.5m Followers, 2609 Following, 58.3m Likes - Watch awesome short videos created by BTV Quang Minh",BTV Quang Minh on TikTok,0,0,,0,1500000,2609,1191,58300000,58300000,904,0.0,True,0,True,3,0,1,False,21307295,False,False,,BTV Quang Minh,False,False,1,False,0,MS4wLjABAAAAHkQUCFroJYONj5NqY5kNo_l5n8ml-Hs8ctkaxcjHCOg,False,T√¥i d√†nh c·∫£ ƒëam m√™ cho nh·ªØng chuy·∫øn ƒëi Y.o.u.t.u.b.e Come Minh Vietnam.,0,False,tranquangminh,True,,,,,Media & Entertainment,False,,,
202502122331327AC5FB19474DB913B626,1739374292000,202502122331327AC5FB19474DB913B626,"@tranthibexiu 1.1m Followers, 81 Following, 18.2m Likes - Watch awesome short videos created by Tr·∫ßn Th·ªã B√© X√≠u",Tr·∫ßn Th·ªã B√© X√≠u on TikTok,0,0,,0,1100000,81,48,18200000,18200000,113,,True,0,False,0,0,2,False,6666798507570184193,False,False,1634567632.0,Tr·∫ßn Th·ªã B√© X√≠u,False,False,1,False,0,MS4wLjABAAAAI96BxWk7-eQJ3f-C0ZzuxCHqYZs4GOcXETxV_Jrs33iqrToGdHpXa5fjSwoY7qGw,False,"Gmail: thietyen96@gmail.com
Fb: Thi·∫øt Y·∫øn ( Tr·∫ßn Th·ªã B√© X√≠u )",0,False,tranthibexiu,False,,,True,,,,,,
202502130052575D54F700F23F551538C5,1739379177000,202502130052575D54F700F23F551538C5,"@travaminhh 762.1k Followers, 22 Following, 34.7m Likes - Watch awesome short videos created by Ch√† v√† Minh",Ch√† v√† Minh on TikTok,0,0,,0,762100,22,10,34700000,34700000,422,3.0,True,0,False,0,0,2,False,6830260539474953218,False,False,1662031377.0,Ch√† v√† Minh,False,False,1,True,0,MS4wLjABAAAAUe1Izj8aTf5ybq-nPqZKjNTAyG_WEFVoSz38jOU7sowMlAOMB-gD3F3hQbf7KLt-,False,"H·∫°nh ph√∫c ·ªü ƒë√¢y n√® ü´∂ü´∂
üéâ For Work: 09.1326.6399
üì© work.travaminh@gmail.com",0,False,travaminhh,True,,Influzee.com/travaminhh,True,,,,,,
2025021301003736664F0CA2DEAC16F269,1739379637000,2025021301003736664F0CA2DEAC16F269,"@ttruc.__ 3.3m Followers, 82 Following, 134.4m Likes - Watch awesome short videos created by l·∫°nh l√πng nh·∫•t tiktok",l·∫°nh l√πng nh·∫•t tiktok on TikTok,0,0,,0,3300000,82,79,134400000,134400000,450,3.0,True,0,False,0,0,2,False,6959087092051919873,False,False,1638989220.0,l·∫°nh l√πng nh·∫•t tiktok,False,False,1,True,0,MS4wLjABAAAAdfjRhKBTKNSat73KJMeo6qLgYC1yTi8kxmW2M-a5hpMncJgVDc6G4CNWEH-gBz8d,False,"IG : ttruc.__
üì© hoangtruc.booking@gmail.com
acc ph·ª• duy nh·∫•t @tr√∫c",0,False,ttruc.__,False,,,,,,,,,
202502130102523305848A8EA275172238,1739379772000,202502130102523305848A8EA275172238,"@tuanmo.official 1.5m Followers, 8 Following, 28.5m Likes - Watch awesome short videos created by Tu·∫•n M√µ",Tu·∫•n M√µ on TikTok,0,0,,0,1500000,8,7,28500000,28500000,157,,True,0,True,3,0,2,False,6579509275454160898,False,False,1664808430.0,Tu·∫•n M√µ,False,False,1,True,0,MS4wLjABAAAAA4Gux_BiI08PLauH4yFWjeXrrYp0GxCd33oC5e9hZ8JDfA5iAOqeszBQwDTki4-0,False,G·ªëi √¥m limited c·ªßa ·ªàn ü´†,0,False,tuanmo.official,False,,,True,,Media & Entertainment,False,,,
20250213010207E792F5C63183141563B0,1739379727000,20250213010207E792F5C63183141563B0,"@tuilathinhu 2.1m Followers, 74 Following, 68.1m Likes - Watch awesome short videos created by Eat clean h√¥ng - Thu Nhi",Eat clean h√¥ng - Thu Nhi on TikTok,0,0,,0,2100000,74,73,68100000,68100000,278,3.0,True,0,False,0,0,2,False,6666983349636087809,False,False,1668036756.0,Eat clean h√¥ng - Thu Nhi,False,False,1,True,0,MS4wLjABAAAANcyHV0syWLLr-4hru45JYmQQeWWyWbBnnuNtSlpt2rP3lYM7OVrCuA1TUau7Yo2O,False,"t√≠nh hay gi·ª°n, ƒë·ª´ng overthingking qu√° nhi·ªÅu khi xemmmm
YTB: Eatcleanhong-Thu Nhi",0,False,tuilathinhu,True,,,True,,,,,,
202502122330377EF2723F97D32C101544,1739374237000,202502122330377EF2723F97D32C101544,"@tunaleeriu 587.6k Followers, 9 Following, 7.3m Likes - Watch awesome short videos created by Tu√¢n m·ªõi l·∫•y v·ª£",Tu√¢n m·ªõi l·∫•y v·ª£ on TikTok,0,0,,0,587600,9,9,7300000,7300000,94,0.0,True,0,False,0,0,1,False,7137533219671327771,False,False,1669037199.0,Tu√¢n m·ªõi l·∫•y v·ª£,False,False,1,True,0,MS4wLjABAAAAE7d41qCuU3mC83oAakKseKTHl3RJa3MMarr_18FNPZnP3GKunxBMIdEIWJrF5HOh,False,·ªû ƒë√¢y c√≥ c∆°m tr√≥,0,False,tunaleeriu,False,,,,,,,,,
202502130044141A1216D1766329156E7B,1739378654000,202502130044141A1216D1766329156E7B,"@tundaily 1.2m Followers, 593 Following, 63.8m Likes - Watch awesome short videos created by Tun Ph·∫°m Daily",Tun Ph·∫°m Daily on TikTok,0,0,,0,1200000,593,65,63800000,63800000,1061,3.0,True,0,False,0,0,1,False,6774241482524476417,False,False,,Tun Ph·∫°m Daily,False,False,1,True,0,MS4wLjABAAAAjPSqeWMj1bPeB5nMVUN2TFfQMrZk7aG44wbAHvxSCZW4BZfg7tZSgZt3p4-KclDx,False,"IG: tunhaycuoi ( ùóôùó¢ùóüùóüùó¢ùó™)
üìç phamduchuy1811198@gmail.com",0,False,tundaily,False,,,,,,,,,
2025021300540044302B756467D5160A34,1739379240000,2025021300540044302B756467D5160A34,"@tuyen_13203 745.4k Followers, 144 Following, 5.9m Likes - Watch awesome short videos created by Thanh Tuy·ªÅn_ü•ü",Thanh Tuy·ªÅn_ü•ü on TikTok,0,0,,0,745400,144,142,5900000,5900000,263,3.0,True,0,False,0,0,1,False,6763445633753629698,False,False,1663413290.0,Thanh Tuy·ªÅn_ü•ü,False,False,1,False,0,MS4wLjABAAAABtMEZu70djMlGx-e9YE7keBx8Gc76BVi_uDeyF5Y1SeCBBje7N6UOCTocRumu8kz,False,FB: Thanhh Tuy·ªÅn,0,False,tuyen_13203,False,,beacons.ai/ntt.t13,True,,,,,,
202502130025124CD43008521E57155021,1739377512000,202502130025124CD43008521E57155021,"@uyph1008 1.0m Followers, 287 Following, 49.5m Likes - Watch awesome short videos created by Huy h·∫°t nh√†i",Huy h·∫°t nh√†i on TikTok,0,0,,0,1000000,287,266,49500000,49500000,1096,0.0,True,0,False,0,0,2,False,7240289423374713861,False,False,1709356440.0,Huy h·∫°t nh√†i,False,False,1,False,0,MS4wLjABAAAAYKtMxbweRzJ1Js6Xsom27ePDSjOh019a0Hw0GWdcPfIMFIMyFna7V4ss10sk7-d4,False,Dr for work üì©: huy@oompa-loompa.asia,0,False,uyph1008,False,,,,,,,,,
2025021301033120C1E7C606D23B151F8C,1739379811000,2025021301033120C1E7C606D23B151F8C,"@vdhiep2k1 1.5m Followers, 67 Following, 83.7m Likes - Watch awesome short videos created by Vm≈© Hi·ªámp",Vm≈© Hi·ªámp on TikTok,0,0,,0,1500000,67,62,83700000,83700000,680,3.0,True,0,False,0,0,2,False,6860441477689754626,False,False,1631004529.0,Vm≈© Hi·ªámp,False,False,1,True,0,MS4wLjABAAAA96CyCrOnWgSAwl4x1aA6Dy3gvWoD1FP2llRUMoBtVss3Uom45ljFEO0-f5d6m7XG,False,"Ins: vdhiep2k1
Work: vudaihiep260701@gmail.com
DUY NH·∫§T 1 NICK
T√¨m g√¨ c∆° ? üëá",0,False,vdhiep2k1,False,,,,,,,,,
20250212231106D9BEC8D39B6BC11190D3,1739373066000,20250212231106D9BEC8D39B6BC11190D3,"@votanphat11117 850.7k Followers, 259 Following, 23.1m Likes - Watch awesome short videos created by V√µ T·∫•n Ph√°t",V√µ T·∫•n Ph√°t on TikTok,0,0,,0,850700,259,82,23100000,23100000,655,0.0,True,0,False,0,0,2,False,6555622878946590721,False,False,1638069102.0,V√µ T·∫•n Ph√°t,False,False,1,True,0,MS4wLjABAAAA2sDYMLT5JfY37qtTgJ5vXKrolEvFA81pfDepqLSpfS9jJz9L6eIvJKHCIw6Vjzj9,False,K√™nh TikTok ch√≠nh th·ª©c c·ªßa V√µ T·∫•n Ph√°t,0,False,votanphat11117,True,,,,,,,,,
20250213002035D8C79335EF56E2139A3B,1739377235000,20250213002035D8C79335EF56E2139A3B,"@vothai1201 507.1k Followers, 144 Following, 12.0m Likes - Watch awesome short videos created by V·ª±a Th√≠nh Eric",V·ª±a Th√≠nh Eric on TikTok,0,0,,0,507100,144,82,12000000,12000000,547,,True,0,False,0,0,2,False,6976033162510042113,False,False,1627169848.0,V·ª±a Th√≠nh Eric,False,False,1,True,0,MS4wLjABAAAAg9dxQd-yjipyllNeeMMfczadeFnYRm_ubMgbG8FKOv1KSb16p0o12bVfCYPrE8S2,False,"IG: vothaii_
Fb: Thai Vo (Eric)

vothai1297@gmail.com",0,False,vothai1201,False,,,,,,,,,
20250213004227EA5BEDCA78D4211353C3,1739378547000,20250213004227EA5BEDCA78D4211353C3,"@vo_tong_danh_meo 1.2m Followers, 0 Following, 23.1m Likes - Watch awesome short videos created by V√µ T√≤ng ƒê√°nh M√®o",V√µ T√≤ng ƒê√°nh M√®o on TikTok,0,0,,0,1200000,0,0,23100000,23100000,292,3.0,True,0,False,0,0,1,False,6953263237422056449,False,False,1621994242.0,V√µ T√≤ng ƒê√°nh M√®o,False,False,1,False,0,MS4wLjABAAAAFuwxf-F4eLUJONgab40hc8WCPxGVLarY0qaFuBKft0nInFQntHV6SRMC_V2q7qpW,False,"LI√äN H·ªÜ C√îNG VI·ªÜC: 0963964886
T·∫•t c·∫£ ƒë·ªì m√¨nh d√πng c√≥ ·ªü link b√™n d∆∞·ªõi nha üëá",0,False,vo_tong_danh_meo,True,,,True,,,,,,
202502130039237F4C8ACD464A0D137051,1739378363000,202502130039237F4C8ACD464A0D137051,"@vuong_hongyen 1.5m Followers, 9 Following, 19.4m Likes - Watch awesome short videos created by V∆∞∆°ng H·ªìng Y√™n",V∆∞∆°ng H·ªìng Y√™n on TikTok,0,0,,0,1500000,9,9,19400000,19400000,163,,True,0,False,0,0,2,False,7035880164702716929,False,False,1645703358.0,V∆∞∆°ng H·ªìng Y√™n,False,False,1,True,0,MS4wLjABAAAA9G1bw0egi77KeVHo_ERH4lPGjNItmN1_RwEtsiJd16oohPuMFZjpoQANQhP9dvHg,False,"Forwork : vac.group21@gmail.com 
Youtube : V∆∞∆°ng H·ªìng Y√™n",0,False,vuong_hongyen,False,,,,,,,,,
20250213010427EEECC60A97398F14A5E6,1739379867000,20250213010427EEECC60A97398F14A5E6,"@vyphamofficial 1.5m Followers, 682 Following, 25.9m Likes - Watch awesome short videos created by Vy‚ÄÇPh·∫°m",Vy‚ÄÇPh·∫°m on TikTok,0,0,,0,1500000,682,240,25900000,25900000,562,5.0,True,0,False,0,0,1,False,6721733414204146690,False,False,1681717562.0,Vy‚ÄÇPh·∫°m,False,False,1,False,0,MS4wLjABAAAAgwztaAJy8MAN7dVxZDuweGoXFeUUpH9ZKX1oVRXpbNUByQUlfBp1bbfOnLUlFoU0,False,"Ng∆∞·ªùi m·∫π hi·ªÅn t·ª´ 
Ig: vyphamofficial
üëáT√¨m hi·ªÉu th√™m ·ªü link n√†yüëá",0,False,vyphamofficial,False,,,True,,,,,,
202502122327073EABF6BFD2390012A542,1739374027000,202502122327073EABF6BFD2390012A542,"@weantodale.og 559.5k Followers, 12 Following, 7.0m Likes - Watch awesome short videos created by Weantodale",Weantodale on TikTok,0,0,,0,559500,12,1,7000000,7000000,84,,True,0,False,0,0,1,False,7137186896152871962,False,False,1661757292.0,Weantodale,False,False,1,False,0,MS4wLjABAAAAKVSHvbkW-e2zbY-GFQvh5ZtlDaFOBJCOgqmmsRBaSrIufaBjuLQN51NcXDXNltKI,False,Th·ªù ∆° - WEAN out nowwww!,0,False,weantodale.og,False,True,,,,,,,,
20250213000003BF76DB553440EB1401D7,1739376003000,20250213000003BF76DB553440EB1401D7,"@winnonamex_ytb 751.0k Followers, 19 Following, 17.2m Likes - Watch awesome short videos created by YT: WinNoNamex",YT: WinNoNamex on TikTok,0,0,,0,751000,19,14,17200000,17200000,99,3.0,True,0,False,0,0,2,False,6732412092941435905,False,False,1719296816.0,YT: WinNoNamex,False,False,1,True,0,MS4wLjABAAAAArZuvqB6x27J0ROtRi83c2JT9n5jD8wfN2FA1cJMauaPZHwGmBdQp2_zHPK4Re15,False,"YTB : WinNoNamex
10 üêü 80robux
L√™n ggüëáüèª
BloxFruits.vn",0,False,winnonamex_ytb,False,,,True,,,,,,
202502130051404ABAAE4B239D931690A0,1739379100000,202502130051404ABAAE4B239D931690A0,"@xuanhinhofficial 897.9k Followers, 7 Following, 8.9m Likes - Watch awesome short videos created by Xu√¢n Hinh",Xu√¢n Hinh on TikTok,0,0,,0,897900,7,5,8900000,8900000,197,0.0,True,0,False,0,0,2,False,6801727132932588546,False,False,,Xu√¢n Hinh,False,False,1,True,0,MS4wLjABAAAAUYqoCN19jrckGC2OTYa0KucUwFqV4hjMcwazvilQZ52HhWlYLvwkHgWEl4tVNMdI,False,"Fb: Xu√¢n Hinh, B·∫£o T√†ng ƒê·∫°o M·∫´u
Ytb: Xu√¢n Hinh Official, B·∫£o T√†ng ƒê·∫°o M·∫´u",0,False,xuanhinhofficial,True,,,,,,,,,
20250213011308E1BCB109262D2B13E3FA,1739380388000,20250213011308E1BCB109262D2B13E3FA,"@zanggggxinhhh_ 977.1k Followers, 86 Following, 35.4m Likes - Watch awesome short videos created by Thu·ª≥ Gianggg",Thu·ª≥ Gianggg on TikTok,0,0,,0,977100,86,81,35400000,35400000,157,0.0,True,0,False,0,0,2,False,6982871700534969346,False,False,1736391973.0,Thu·ª≥ Gianggg,False,False,3,False,0,MS4wLjABAAAAjI0JtK-iA22znVNN1UoquftJKS2hXBZIa6ulyNkTfu18V6NxL7pLdQr2GAFkkNCN,False,ib for work: ko.t√°m.65...8.mot.6. mot 2Ô∏è‚É£.4 @tzangxinh,0,False,zanggggxinhhh_,False,,,True,,,,,,
20250212234835D2F87706AE4ABA11A94F,1739375315000,20250212234835D2F87706AE4ABA11A94F,"@zangphanhtruelove 630.5k Followers, 13 Following, 18.0m Likes - Watch awesome short videos created by T·∫°p Ho√° C·∫©u L∆∞∆°ng ‚ù§Ô∏è",T·∫°p Ho√° C·∫©u L∆∞∆°ng ‚ù§Ô∏è on TikTok,0,0,,0,630500,13,8,18000000,18000000,360,,True,0,False,0,0,2,False,7294602808623186945,False,False,1709786217.0,T·∫°p Ho√° C·∫©u L∆∞∆°ng ‚ù§Ô∏è,False,False,1,True,0,MS4wLjABAAAAlMY7FQKXKN-B4mTikquvr5tCojj6H6PQumbyaSQHT1Gt8wRyt2xUp-GMv-_K7LUF,False,"C·∫≠n VƒÉn‚ù§Ô∏èH√† Ph∆∞∆°ng Anh
Booking FB C·∫≠n VƒÉn(H√† Ph∆∞∆°ng Anh)
@ZƒÉng Phanh Riu L·ªõp‚ù§Ô∏è",0,False,zangphanhtruelove,False,,,,,,,,,
20250213000007B3FE6C57FACA4C12CBDE,1739376008000,20250213000007B3FE6C57FACA4C12CBDE,"@_dieulinh16_ 3.8m Followers, 125 Following, 142.8m Likes - Watch awesome short videos created by ùììùì≤ùìÆÃ£ÃÇùìæ ùìõùì≤ùì∑ùì±",ùììùì≤ùìÆÃ£ÃÇùìæ ùìõùì≤ùì∑ùì± on TikTok,0,0,,0,3800000,125,116,142800000,142800000,380,3.0,True,0,False,0,0,2,False,6530916235440832513,False,False,1679071875.0,ùììùì≤ùìÆÃ£ÃÇùìæ ùìõùì≤ùì∑ùì±,False,False,1,False,0,MS4wLjABAAAAiS0P3otm3jvhFqGw1xjFvT42Kh_zXC1b50nbOGgG6jNVWr3ofpx3aWZXd3R4n5WE,False,"Instagram : _dieulinh16_ 
üì© : forworkdieulinh@gmail.com",0,False,_dieulinh16_,False,,,,,,,,,
20250212234148816896A29FB16C124DEA,1739374908000,20250212234148816896A29FB16C124DEA,"@_ttqueen 2.9m Followers, 95 Following, 81.8m Likes - Watch awesome short videos created by Quynh Truong",Quynh Truong on TikTok,0,0,,0,2900000,95,49,81800000,81800000,367,3.0,True,0,False,3,0,2,False,6644110999556227073,False,False,1667388175.0,Quynh Truong,False,False,1,True,0,MS4wLjABAAAA6e26Ok_w7ReVcKXUIZoygasHXTl9ZPPvhmuTQz1GGRaMU5RLQk6-yftHzzfIfr9L,False,"Th·∫•y m√¨nh ƒë√°ng iu th√¨ fl m√¨nh nh√© hehee
üí¨For work: 097.136.3242",0,False,_ttqueen,False,,,,,,,,,
