AIGCDescription,CategoryType,author.commentSetting,author.downloadSetting,author.duetSetting,author.ftc,author.id,author.isADVirtual,author.isEmbedBanned,author.nickname,author.openFavorite,author.privateAccount,author.relation,author.secUid,author.secret,author.signature,author.stitchSetting,author.uniqueId,author.verified,authorStats.diggCount,authorStats.followerCount,authorStats.followingCount,authorStats.friendCount,authorStats.heart,authorStats.heartCount,authorStats.videoCount,backendSourceEventTracking,collected,createTime,desc,digged,diversificationId,duetDisplay,forFriend,id,isAd,itemCommentStatus,item_control.can_repost,music.authorName,music.duration,music.id,music.isCopyrighted,music.original,music.title,officalItem,originalItem,privateItem,secret,shareEnabled,stats.collectCount,stats.commentCount,stats.diggCount,stats.playCount,stats.shareCount,statsV2.collectCount,statsV2.commentCount,statsV2.diggCount,statsV2.playCount,statsV2.repostCount,statsV2.shareCount,stitchDisplay,textLanguage,textTranslatable,video.VQScore,video.bitrate,video.claInfo.captionsType,video.claInfo.enableAutoCaption,video.claInfo.hasOriginalAudio,video.claInfo.originalLanguageInfo.canTranslateRealTimeNoCheck,video.claInfo.originalLanguageInfo.language,video.claInfo.originalLanguageInfo.languageCode,video.claInfo.originalLanguageInfo.languageID,video.codecType,video.definition,video.duration,video.encodeUserTag,video.encodedType,video.format,video.height,video.id,video.ratio,video.videoQuality,video.volumeInfo.Loudness,video.volumeInfo.Peak,video.width,collectTime,BAInfo,adAuthorization,adLabelVersion,duetEnabled,item_control.can_comment,item_control.can_creator_redirect,item_control.can_music_redirect,item_control.can_share,stitchEnabled,video.claInfo.noCaptionReason,music.album,isPinnedItem,playlistId,audio_to_text
,104,0,0,0,False,7141389257331377179,False,False,Anh Money ğŸ’°,False,False,0,MS4wLjABAAAAXUaY_kx4G5TKleIudsMCfceWC6k_OyI1vW4LlKydyponUoVBrN1HHj77ytvoVJdy,False,"Follow tui Ä‘i cho Ä‘á»i thÃªm vuiğŸ¤£
ğŸŒš Youâ€¢Tuâ€¢be : Anh Money 
Email & TK Máº¡ng XHğŸ‘‡",0,anhmoney,False,3479,1300000,47,0,38700000,38700000,799,,False,1740220196,Khi Rich Kid Ä‘i há»c kiá»ƒu :)) #anhmoney #hocsinh #giaitri #tiktokgiaitri ,False,10000.0,0,False,7474188810654321928,False,0,True,Anh Money ğŸ’°,238,7474189157208689424,False,False,nháº¡c ná»n - Anh Money ğŸ’°,False,False,False,False,True,7094,1574,71800,1400000,2032,7094,1574,71800,1400000,0,2032,0,vi,True,73.01,1180125,1.0,True,True,True,vie-VN,vi,10,h264,540p,238,,normal,mp4,1024,7474188810654321928,540p,normal,-17.1,0.57544,576,1740273836,,,,,,,,,,,,,,
,104,0,0,0,False,7141389257331377179,False,False,Anh Money ğŸ’°,False,False,0,MS4wLjABAAAAXUaY_kx4G5TKleIudsMCfceWC6k_OyI1vW4LlKydyponUoVBrN1HHj77ytvoVJdy,False,"Follow tui Ä‘i cho Ä‘á»i thÃªm vuiğŸ¤£
ğŸŒš Youâ€¢Tuâ€¢be : Anh Money 
Email & TK Máº¡ng XHğŸ‘‡",0,anhmoney,False,3479,1300000,47,0,38700000,38700000,799,,False,1740132746,Xem tiktok quÃ¡ 180p vá» chiáº¿c xe mÃ u tráº¯ng báº¯t cÃ³c kiá»ƒu :)) #anhmoney #hocsinh #giaitri #tiktokgiaitri ,False,10000.0,0,False,7473813222034787592,False,0,True,Anh Money ğŸ’°,236,7473813655352544017,False,False,nháº¡c ná»n - Anh Money ğŸ’°,False,False,False,False,True,3757,1361,30600,824600,1261,3757,1361,30600,824600,0,1261,0,vi,True,69.62,1860928,1.0,True,True,True,vie-VN,vi,10,h264,540p,236,,normal,mp4,1024,7473813222034787592,540p,normal,-17.4,0.88105,576,1740273836,,,,,,,,,,,,,,
,104,0,0,0,False,7141389257331377179,False,False,Anh Money ğŸ’°,False,False,0,MS4wLjABAAAAXUaY_kx4G5TKleIudsMCfceWC6k_OyI1vW4LlKydyponUoVBrN1HHj77ytvoVJdy,False,"Follow tui Ä‘i cho Ä‘á»i thÃªm vuiğŸ¤£
ğŸŒš Youâ€¢Tuâ€¢be : Anh Money 
Email & TK Máº¡ng XHğŸ‘‡",0,anhmoney,False,3479,1300000,47,0,38700000,38700000,799,,False,1740046556,Ra vá» mÃ  trong lá»›p cÃ³ Ä‘á»©a váº«n cÃ²n Ä‘ang ngá»§ kiá»ƒu :)) #anhmoney #hocsinh #giaitri #tiktokgiaitri ,False,10000.0,0,False,7473443026120051976,False,0,True,Anh Money ğŸ’°,239,7473443389415721745,False,False,nháº¡c ná»n - Anh Money ğŸ’°,False,False,False,False,True,8481,3808,103900,2200000,3791,8481,3808,103900,2200000,0,3791,0,vi,True,71.81,1482478,1.0,True,True,True,vie-VN,vi,10,h264,540p,239,,normal,mp4,1024,7473443026120051976,540p,normal,-20.0,0.87096,576,1740273836,,,,,,,,,,,,,,
,104,0,0,0,False,7141389257331377179,False,False,Anh Money ğŸ’°,False,False,0,MS4wLjABAAAAXUaY_kx4G5TKleIudsMCfceWC6k_OyI1vW4LlKydyponUoVBrN1HHj77ytvoVJdy,False,"Follow tui Ä‘i cho Ä‘á»i thÃªm vuiğŸ¤£
ğŸŒš Youâ€¢Tuâ€¢be : Anh Money 
Email & TK Máº¡ng XHğŸ‘‡",0,anhmoney,False,3479,1300000,47,0,38700000,38700000,799,,False,1739962341,"Nay lá»›p theo trend Ä‘em cáº·p Ä‘á»™c láº¡ , Ä‘á»ƒ Ä‘Æ°á»£c cá»™ng Ä‘iá»ƒm kiá»ƒu :)) #anhmoney #hocsinh #giaitri #tiktokgiaitri ",False,10000.0,0,False,7473081338262719762,False,0,True,Anh Money ğŸ’°,239,7473081688340450065,False,False,nháº¡c ná»n - Anh Money ğŸ’°,False,False,False,False,True,9008,2675,100900,2200000,3676,9008,2675,100900,2200000,0,3676,0,vi,True,74.6,2215279,1.0,True,True,True,vie-VN,vi,10,h264,540p,239,,normal,mp4,1024,7473081338262719762,540p,normal,-16.9,0.59566,576,1740273836,,,,,,,,,,,,,,
,104,0,0,0,False,7141389257331377179,False,False,Anh Money ğŸ’°,False,False,0,MS4wLjABAAAAXUaY_kx4G5TKleIudsMCfceWC6k_OyI1vW4LlKydyponUoVBrN1HHj77ytvoVJdy,False,"Follow tui Ä‘i cho Ä‘á»i thÃªm vuiğŸ¤£
ğŸŒš Youâ€¢Tuâ€¢be : Anh Money 
Email & TK Máº¡ng XHğŸ‘‡",0,anhmoney,False,3479,1300000,47,0,38700000,38700000,799,,False,1739873526,Khi â€œCÆ¡m nÆ°á»›c gÃ¬ chÆ°a ngÆ°á»i Ä‘áº¹pâ€ x.Ã¢m chiáº¿m lá»›p tÃ´i kiá»ƒu :)) #anhmoney #hocsinh #giaitri #tiktokgiaitri ,False,10000.0,0,False,7472699879903612168,False,0,True,Anh Money ğŸ’°,209,7472700150511717121,False,False,nháº¡c ná»n - Anh Money ğŸ’°,False,False,False,False,True,3661,1154,41000,857300,1934,3661,1154,41000,857300,0,1934,0,vi,True,73.18,1855854,1.0,True,True,True,vie-VN,vi,10,h264,540p,209,,normal,mp4,1024,7472699879903612168,540p,normal,-19.9,0.92257,576,1740273836,,,,,,,,,,,,,,
,104,0,0,0,False,7141389257331377179,False,False,Anh Money ğŸ’°,False,False,0,MS4wLjABAAAAXUaY_kx4G5TKleIudsMCfceWC6k_OyI1vW4LlKydyponUoVBrN1HHj77ytvoVJdy,False,"Follow tui Ä‘i cho Ä‘á»i thÃªm vuiğŸ¤£
ğŸŒš Youâ€¢Tuâ€¢be : Anh Money 
Email & TK Máº¡ng XHğŸ‘‡",0,anhmoney,False,3479,1300000,47,0,38700000,38700000,799,,False,1739787198,Khi lá»›p tÃ´i cÃ³ Ä‘á»©a Ä‘i thi HSG kiá»ƒu :)) #quizlet #english #anhmoney #hocsinh #giaitri #tiktokgiaitri ,False,10000.0,0,False,7472231452722072839,True,0,True,Anh Money ğŸ’°,150,7472231615998249729,False,False,nháº¡c ná»n - Anh Money ğŸ’°,False,False,False,False,True,7582,1826,92900,1900000,2579,7582,1826,92900,1900000,0,2579,0,vi,True,74.03,1718104,1.0,True,True,True,vie-VN,vi,10,h264,540p,150,,normal,mp4,1024,7472231452722072839,540p,normal,-15.7,0.5821,576,1740273836,,True,2.0,True,True,True,True,True,True,,,,,
,104,0,0,0,False,7141389257331377179,False,False,Anh Money ğŸ’°,False,False,0,MS4wLjABAAAAXUaY_kx4G5TKleIudsMCfceWC6k_OyI1vW4LlKydyponUoVBrN1HHj77ytvoVJdy,False,"Follow tui Ä‘i cho Ä‘á»i thÃªm vuiğŸ¤£
ğŸŒš Youâ€¢Tuâ€¢be : Anh Money 
Email & TK Máº¡ng XHğŸ‘‡",0,anhmoney,False,3479,1300000,47,0,38700000,38700000,799,,False,1739702555,Máº¥y em Cáº¥p 1 bÃ¢y giá» kiá»ƒu :)) #anhmoney #hocsinh #giaitri #tiktokgiaitri ,False,10000.0,0,False,7471965560553753863,False,0,True,Anh Money ğŸ’°,212,7471965853622389521,False,False,nháº¡c ná»n - Anh Money ğŸ’°,False,False,False,False,True,11700,4552,157800,3000000,6602,11699,4552,157800,3000000,0,6602,0,vi,True,73.56,2353888,1.0,True,True,True,vie-VN,vi,10,h264,540p,211,,normal,mp4,1024,7471965560553753863,540p,normal,-17.0,0.5559,576,1740273836,,,,,,,,,,,,,,
,104,0,0,0,False,7141389257331377179,False,False,Anh Money ğŸ’°,False,False,0,MS4wLjABAAAAXUaY_kx4G5TKleIudsMCfceWC6k_OyI1vW4LlKydyponUoVBrN1HHj77ytvoVJdy,False,"Follow tui Ä‘i cho Ä‘á»i thÃªm vuiğŸ¤£
ğŸŒš Youâ€¢Tuâ€¢be : Anh Money 
Email & TK Máº¡ng XHğŸ‘‡",0,anhmoney,False,3479,1300000,47,0,38700000,38700000,799,,False,1739615205,Khi biáº¿t máº¹ lÃ  báº¡n thÃ¢n cá»§a cÃ´ giÃ¡o kiá»ƒu :)) #anhmoney #hocsinh #giaitri #tiktokgiaitri #HAPAS #DIEUQUANTRONGNHAT #QUATANG83,False,10000.0,0,False,7471590391259680008,False,0,True,Anh Money ğŸ’°,231,7471590729845328641,False,False,nháº¡c ná»n - Anh Money ğŸ’°,False,False,False,False,True,7570,2556,87800,1500000,1992,7570,2556,87800,1500000,0,1992,0,vi,True,72.95,2658404,1.0,True,True,True,vie-VN,vi,10,h264,540p,231,,normal,mp4,1024,7471590391259680008,540p,normal,-17.6,0.54325,576,1740273836,,,,,,,,,,,,,,
,104,0,0,0,False,7141389257331377179,False,False,Anh Money ğŸ’°,False,False,0,MS4wLjABAAAAXUaY_kx4G5TKleIudsMCfceWC6k_OyI1vW4LlKydyponUoVBrN1HHj77ytvoVJdy,False,"Follow tui Ä‘i cho Ä‘á»i thÃªm vuiğŸ¤£
ğŸŒš Youâ€¢Tuâ€¢be : Anh Money 
Email & TK Máº¡ng XHğŸ‘‡",0,anhmoney,False,3479,1300000,47,0,38700000,38700000,799,,False,1739528448,14/2 Lá»›p tÃ´i báº¯t Ä‘áº§u cÃ³ má»™t cáº·p Boylove kiá»ƒu :)) #anhmoney #hocsinh #giaitri #tiktokgiaitri ,False,10000.0,0,False,7471217771129425160,False,0,True,Anh Money ğŸ’°,235,7471217881557125905,False,False,nháº¡c ná»n - Anh Money ğŸ’°,False,False,False,False,True,18200,5619,175600,2700000,14600,18218,5619,175600,2700000,0,14600,0,vi,True,72.76,1809017,1.0,True,True,True,vie-VN,vi,10,h264,540p,235,,normal,mp4,1024,7471217771129425160,540p,normal,-14.2,0.58884,576,1740273836,,,,,,,,,,,,,,
,104,0,0,0,False,7141389257331377179,False,False,Anh Money ğŸ’°,False,False,0,MS4wLjABAAAAXUaY_kx4G5TKleIudsMCfceWC6k_OyI1vW4LlKydyponUoVBrN1HHj77ytvoVJdy,False,"Follow tui Ä‘i cho Ä‘á»i thÃªm vuiğŸ¤£
ğŸŒš Youâ€¢Tuâ€¢be : Anh Money 
Email & TK Máº¡ng XHğŸ‘‡",0,anhmoney,False,3479,1300000,47,0,38700000,38700000,799,,False,1739357783,"Vá»«a bÆ°á»›c vÃ´ lá»›p mÃ  tháº¥y tá»¥i nÃ³ , ghi chÃ©p lia lá»‹a kiá»ƒu :)) #anhmoney #hocsinh #giaitri #tiktokgiaitri ",False,10000.0,0,False,7470484781977931026,False,0,True,Anh Money ğŸ’°,221,7470485031012813585,False,False,nháº¡c ná»n - Anh Money ğŸ’°,False,False,False,False,True,3747,1806,48700,1000000,2455,3747,1806,48700,1000000,0,2455,0,vi,True,72.49,1408993,1.0,True,True,True,vie-VN,vi,10,h264,540p,221,,normal,mp4,1024,7470484781977931026,540p,normal,-17.9,0.53703,576,1740273836,,,,,,,,,,,,,,
,104,0,0,0,False,7141389257331377179,False,False,Anh Money ğŸ’°,False,False,0,MS4wLjABAAAAXUaY_kx4G5TKleIudsMCfceWC6k_OyI1vW4LlKydyponUoVBrN1HHj77ytvoVJdy,False,"Follow tui Ä‘i cho Ä‘á»i thÃªm vuiğŸ¤£
ğŸŒš Youâ€¢Tuâ€¢be : Anh Money 
Email & TK Máº¡ng XHğŸ‘‡",0,anhmoney,False,3479,1300000,47,0,38700000,38700000,799,,False,1739268474,"Máº¥y Ä‘á»©a tá»• trÆ°á»Ÿng, hÆ°á»›ng ná»™i khÃ´ng cÃ³ tiáº¿ng nÃ³i kiá»ƒu :)) #anhmoney #hocsinh #giaitri #tiktokgiaitri ",False,10000.0,0,False,7470101190705990919,False,0,True,Anh Money ğŸ’°,235,7470101545120582416,False,False,nháº¡c ná»n - Anh Money ğŸ’°,False,False,False,False,True,7796,2972,87200,1700000,4312,7796,2972,87200,1700000,0,4312,0,vi,True,74.26,1812896,1.0,True,True,True,vie-VN,vi,10,h264,540p,235,,normal,mp4,1024,7470101190705990919,540p,normal,-18.1,0.98855,576,1740273836,,,,,,,,,,,,,,
,104,0,0,0,False,7141389257331377179,False,False,Anh Money ğŸ’°,False,False,0,MS4wLjABAAAAXUaY_kx4G5TKleIudsMCfceWC6k_OyI1vW4LlKydyponUoVBrN1HHj77ytvoVJdy,False,"Follow tui Ä‘i cho Ä‘á»i thÃªm vuiğŸ¤£
ğŸŒš Youâ€¢Tuâ€¢be : Anh Money 
Email & TK Máº¡ng XHğŸ‘‡",0,anhmoney,False,3479,1300000,47,0,38700000,38700000,799,,False,1739184290,Máº¥y Ä‘á»©a bá»‹ báº¯.t khi lÃ©n Ä‘em Ä‘á»“ vÃ´ lá»›p Äƒn kiá»ƒu :)) #anhmoney #hocsinh #giaitri #tiktokgiaitri ,False,10000.0,0,False,7469739625926380808,False,0,True,Anh Money ğŸ’°,199,7469739892130482961,False,False,nháº¡c ná»n - Anh Money ğŸ’°,False,False,False,False,True,4526,1621,50500,1700000,2065,4526,1621,50500,1700000,0,2065,0,vi,True,74.25,1638701,1.0,True,True,True,vie-VN,vi,10,h264,540p,199,,normal,mp4,1024,7469739625926380808,540p,normal,-18.4,0.56885,576,1740273836,,,,True,,,,,True,,,,,
,104,0,0,0,False,7141389257331377179,False,False,Anh Money ğŸ’°,False,False,0,MS4wLjABAAAAXUaY_kx4G5TKleIudsMCfceWC6k_OyI1vW4LlKydyponUoVBrN1HHj77ytvoVJdy,False,"Follow tui Ä‘i cho Ä‘á»i thÃªm vuiğŸ¤£
ğŸŒš Youâ€¢Tuâ€¢be : Anh Money 
Email & TK Máº¡ng XHğŸ‘‡",0,anhmoney,False,3479,1300000,47,0,38700000,38700000,799,,False,1739095886,"Máº¥y cÃ¡i cáº·p, balo trong lá»›p má»—i khi váº¯ng chá»§ kiá»ƒu :)) #anhmoney #hocsinh #giaitri #tiktokgiaitri ",False,10000.0,0,False,7469359931238403336,False,0,True,Anh Money ğŸ’°,224,7469360478595484432,False,False,nháº¡c ná»n - Anh Money ğŸ’°,False,False,False,False,True,5744,1498,63900,1800000,1949,5744,1498,63900,1800000,0,1949,0,vi,True,71.34,1735815,1.0,True,True,True,vie-VN,vi,10,h264,540p,224,,normal,mp4,1024,7469359931238403336,540p,normal,-18.1,0.72444,576,1740273836,,,,,,,,,,,,,,
,104,0,0,0,False,7141389257331377179,False,False,Anh Money ğŸ’°,False,False,0,MS4wLjABAAAAXUaY_kx4G5TKleIudsMCfceWC6k_OyI1vW4LlKydyponUoVBrN1HHj77ytvoVJdy,False,"Follow tui Ä‘i cho Ä‘á»i thÃªm vuiğŸ¤£
ğŸŒš Youâ€¢Tuâ€¢be : Anh Money 
Email & TK Máº¡ng XHğŸ‘‡",0,anhmoney,False,3479,1300000,47,0,38700000,38700000,799,,False,1739009922,Khi tÃ´i cÃ³ má»™t ngÆ°á»i â€œ Moáº¹â€¦ CÃ´ â€œ kiá»ƒu :)) #anhmoney #hocsinh #giaitri #tiktokgiaitri ,False,10000.0,0,False,7468990720938953991,False,0,True,Anh Money ğŸ’°,237,7468990775448750849,False,False,nháº¡c ná»n - Anh Money ğŸ’°,False,False,False,False,True,12800,2597,125800,2600000,2733,12811,2597,125800,2600000,0,2733,0,vi,True,72.64,2227461,1.0,True,True,True,vie-VN,vi,10,h264,540p,237,,normal,mp4,1024,7468990720938953991,540p,normal,-18.7,0.77625,576,1740273836,,,,,,,,,,,,,,
,104,0,0,0,False,7141389257331377179,False,False,Anh Money ğŸ’°,False,False,0,MS4wLjABAAAAXUaY_kx4G5TKleIudsMCfceWC6k_OyI1vW4LlKydyponUoVBrN1HHj77ytvoVJdy,False,"Follow tui Ä‘i cho Ä‘á»i thÃªm vuiğŸ¤£
ğŸŒš Youâ€¢Tuâ€¢be : Anh Money 
Email & TK Máº¡ng XHğŸ‘‡",0,anhmoney,False,3479,1300000,47,0,38700000,38700000,799,,False,1738923344,Khi trong lá»›p cÃ³ Ä‘á»©a lÃ m hÆ° bÃ n gháº¿ kiá»ƒu :)) #anhmoney #hocsinh #giaitri #tiktokgiaitri ,False,10000.0,0,False,7468618874045402375,False,0,True,Anh Money ğŸ’°,216,7468618969814010640,False,False,nháº¡c ná»n - Anh Money ğŸ’°,False,False,False,False,True,6059,2807,58900,1500000,1626,6059,2807,58900,1500000,0,1626,0,vi,True,72.77,2296455,1.0,True,True,True,vie-VN,vi,10,h264,540p,216,,normal,mp4,1024,7468618874045402375,540p,normal,-17.0,0.66834,576,1740273836,,,,,,,,,,,,,,
,104,0,0,0,False,7141389257331377179,False,False,Anh Money ğŸ’°,False,False,0,MS4wLjABAAAAXUaY_kx4G5TKleIudsMCfceWC6k_OyI1vW4LlKydyponUoVBrN1HHj77ytvoVJdy,False,"Follow tui Ä‘i cho Ä‘á»i thÃªm vuiğŸ¤£
ğŸŒš Youâ€¢Tuâ€¢be : Anh Money 
Email & TK Máº¡ng XHğŸ‘‡",0,anhmoney,False,3479,1300000,47,0,38700000,38700000,799,,False,1738838126,Khi tÃ´i Ä‘i há»c quÃªn máº·c â€œ Xu ChiÃªn â€œ kiá»ƒu :)) #anhmoney #hocsinh #giaitri #tiktokgiaitri ,False,10000.0,0,False,7468252869326687506,False,0,True,Anh Money ğŸ’°,234,7468252976554625808,False,False,nháº¡c ná»n - Anh Money ğŸ’°,False,False,False,False,True,12900,3005,171200,2900000,9432,12852,3005,171200,2900000,0,9432,0,vi,True,71.97,2085802,1.0,True,True,True,vie-VN,vi,10,h264,540p,234,,normal,mp4,1024,7468252869326687506,540p,normal,-16.7,0.56885,576,1740273836,,,,,,,,,,,,,,
,104,0,0,0,False,7141389257331377179,False,False,Anh Money ğŸ’°,False,False,0,MS4wLjABAAAAXUaY_kx4G5TKleIudsMCfceWC6k_OyI1vW4LlKydyponUoVBrN1HHj77ytvoVJdy,False,"Follow tui Ä‘i cho Ä‘á»i thÃªm vuiğŸ¤£
ğŸŒš Youâ€¢Tuâ€¢be : Anh Money 
Email & TK Máº¡ng XHğŸ‘‡",0,anhmoney,False,3479,1300000,47,0,38700000,38700000,799,,False,1738750359,Khi tÃ´i láº§n Ä‘áº§u biáº¿t â€œrung Ä‘á»™ngâ€ vá»›i ai Ä‘Ã³ kiá»ƒu :)) #anhmoney #hocsinh #giaitri #tiktokgiaitri ,False,10000.0,0,False,7467875913699462408,False,0,True,Anh Money ğŸ’°,226,7467876099301657360,False,False,nháº¡c ná»n - Anh Money ğŸ’°,False,False,False,False,True,4151,1580,48900,1000000,1372,4151,1580,48900,1000000,0,1372,0,vi,True,73.1,2189300,1.0,True,True,True,vie-VN,vi,10,h264,540p,226,,normal,mp4,1024,7467875913699462408,540p,normal,-20.7,0.63826,576,1740273836,,,,,,,,,,,,,,
,104,0,0,0,False,7141389257331377179,False,False,Anh Money ğŸ’°,False,False,0,MS4wLjABAAAAXUaY_kx4G5TKleIudsMCfceWC6k_OyI1vW4LlKydyponUoVBrN1HHj77ytvoVJdy,False,"Follow tui Ä‘i cho Ä‘á»i thÃªm vuiğŸ¤£
ğŸŒš Youâ€¢Tuâ€¢be : Anh Money 
Email & TK Máº¡ng XHğŸ‘‡",0,anhmoney,False,3479,1300000,47,0,38700000,38700000,799,,False,1738664695,Tráº£ bÃ i Ä‘áº§u nÄƒm báº±ng lá»“ng quay Loto kiá»ƒu :)) #anhmoney #hocsinh #giaitri #tiktokgiaitri ,False,10000.0,0,False,7467507988044008712,False,0,True,Anh Money ğŸ’°,236,7467508039562611473,False,False,nháº¡c ná»n - Anh Money ğŸ’°,False,False,False,False,True,8104,2620,82900,2300000,2116,8104,2620,82900,2300000,0,2116,0,vi,True,73.67,2098968,1.0,True,True,True,vie-VN,vi,10,h264,540p,236,,normal,mp4,1024,7467507988044008712,540p,normal,-18.1,0.74131,576,1740273836,,,,,,,,,,,,,,
,104,0,0,0,False,7141389257331377179,False,False,Anh Money ğŸ’°,False,False,0,MS4wLjABAAAAXUaY_kx4G5TKleIudsMCfceWC6k_OyI1vW4LlKydyponUoVBrN1HHj77ytvoVJdy,False,"Follow tui Ä‘i cho Ä‘á»i thÃªm vuiğŸ¤£
ğŸŒš Youâ€¢Tuâ€¢be : Anh Money 
Email & TK Máº¡ng XHğŸ‘‡",0,anhmoney,False,3479,1300000,47,0,38700000,38700000,799,,False,1738577550,Lá»›p tÃ´i Ä‘i há»c láº¡i sau táº¿t kiá»ƒu :)) #anhmoney #hocsinh #giaitri #tiktokgiaitri ,False,10000.0,0,False,7467133705266449671,False,0,True,Anh Money ğŸ’°,239,7467134878136470273,False,False,nháº¡c ná»n - Anh Money ğŸ’°,False,False,False,False,True,4437,2111,48800,1000000,1318,4437,2111,48800,1000000,0,1318,0,vi,True,73.02,2212632,1.0,True,True,True,vie-VN,vi,10,h264,540p,239,,normal,mp4,1024,7467133705266449671,540p,normal,-17.4,0.86099,576,1740273836,,,,,,,,,,,,,,
,104,0,0,0,False,7141389257331377179,False,False,Anh Money ğŸ’°,False,False,0,MS4wLjABAAAAXUaY_kx4G5TKleIudsMCfceWC6k_OyI1vW4LlKydyponUoVBrN1HHj77ytvoVJdy,False,"Follow tui Ä‘i cho Ä‘á»i thÃªm vuiğŸ¤£
ğŸŒš Youâ€¢Tuâ€¢be : Anh Money 
Email & TK Máº¡ng XHğŸ‘‡",0,anhmoney,False,3479,1300000,47,0,38700000,38700000,799,,False,1738491289,Má»—i láº§n máº¹ mÆ°á»£n ti.á»n lÃ¬ xÃ¬ kiá»ƒu :)) #anhmoney #hocsinh #giaitri #tiktokgiaitri ,False,10000.0,0,False,7466763210247408903,False,0,True,Anh Money ğŸ’°,233,7466763635977669377,False,False,nháº¡c ná»n - Anh Money ğŸ’°,False,False,False,False,True,7509,4938,78400,2000000,2896,7509,4938,78400,2000000,0,2896,0,vi,True,74.35,2285867,1.0,True,True,True,vie-VN,vi,10,h264,540p,233,,normal,mp4,1024,7466763210247408903,540p,normal,-17.3,0.57544,576,1740273836,,,,,,,,,,,,,,
,104,0,0,0,False,7141389257331377179,False,False,Anh Money ğŸ’°,False,False,0,MS4wLjABAAAAXUaY_kx4G5TKleIudsMCfceWC6k_OyI1vW4LlKydyponUoVBrN1HHj77ytvoVJdy,False,"Follow tui Ä‘i cho Ä‘á»i thÃªm vuiğŸ¤£
ğŸŒš Youâ€¢Tuâ€¢be : Anh Money 
Email & TK Máº¡ng XHğŸ‘‡",0,anhmoney,False,3479,1300000,47,0,38700000,38700000,799,,False,1738404926,"Kiáº¿p náº¡n cá»§a Tomboy vÃ  Láº©u GÃ  , máº¥y ngÃ y táº¿t kiá»ƒu :)) #anhmoney #hocsinh #giaitri #tiktokgiaitri ",False,10000.0,0,False,7466392277729037586,False,0,True,Anh Money ğŸ’°,210,7466392655212464897,False,False,nháº¡c ná»n - Anh Money ğŸ’°,False,False,False,False,True,13800,4487,209800,3400000,5482,13795,4487,209800,3400000,0,5482,0,vi,True,72.07,2848304,1.0,True,True,True,vie-VN,vi,10,h264,540p,210,,normal,mp4,1024,7466392277729037586,540p,normal,-19.7,0.54954,576,1740273836,,,,,,,,,,,,,,
,104,0,0,0,False,7141389257331377179,False,False,Anh Money ğŸ’°,False,False,0,MS4wLjABAAAAXUaY_kx4G5TKleIudsMCfceWC6k_OyI1vW4LlKydyponUoVBrN1HHj77ytvoVJdy,False,"Follow tui Ä‘i cho Ä‘á»i thÃªm vuiğŸ¤£
ğŸŒš Youâ€¢Tuâ€¢be : Anh Money 
Email & TK Máº¡ng XHğŸ‘‡",0,anhmoney,False,3479,1300000,47,0,38700000,38700000,799,,False,1738318342,Nhá»¯ng Ä‘iá»u â€œ khá»‘n láº¡n â€œ nháº¥t khi chÆ¡i tiáº¿n lÃªn kiá»ƒu :)) #anhmoney #hocsinh #giaitri #tiktokgiaitri ,False,10000.0,0,False,7466020406193835272,False,0,True,Anh Money ğŸ’°,191,7466020755172510465,False,False,nháº¡c ná»n - Anh Money ğŸ’°,False,False,False,False,True,4092,1472,47800,1300000,997,4092,1472,47800,1300000,0,997,0,vi,True,76.3,2905723,1.0,True,True,True,vie-VN,vi,10,h264,540p,191,,normal,mp4,1024,7466020406193835272,540p,normal,-15.9,0.90157,576,1740273836,,,,,,,,,,,,,,
,104,0,0,0,False,7141389257331377179,False,False,Anh Money ğŸ’°,False,False,0,MS4wLjABAAAAXUaY_kx4G5TKleIudsMCfceWC6k_OyI1vW4LlKydyponUoVBrN1HHj77ytvoVJdy,False,"Follow tui Ä‘i cho Ä‘á»i thÃªm vuiğŸ¤£
ğŸŒš Youâ€¢Tuâ€¢be : Anh Money 
Email & TK Máº¡ng XHğŸ‘‡",0,anhmoney,False,3479,1300000,47,0,38700000,38700000,799,,False,1738232395,"Há»“i nhá» bá»‹ ngÆ°á»i lá»›n d,á»¥ Äƒn háº¿t ti/á»n lÃ¬ xÃ¬ kiá»ƒu :)) #anhmoney #hocsinh #giaitri #tiktokgiaitri ",False,10000.0,0,False,7465651261359148296,False,0,True,Anh Money ğŸ’°,231,7465651318380972801,False,False,nháº¡c ná»n - Anh Money ğŸ’°,False,False,False,False,True,5059,1982,51600,1400000,1068,5059,1982,51600,1400000,0,1068,0,vi,True,73.8,2349726,1.0,True,True,True,vie-VN,vi,10,h264,540p,231,,normal,mp4,1024,7465651261359148296,540p,normal,-16.4,0.85114,576,1740273836,,,,,,,,,,,,,,
,104,0,0,0,False,7141389257331377179,False,False,Anh Money ğŸ’°,False,False,0,MS4wLjABAAAAXUaY_kx4G5TKleIudsMCfceWC6k_OyI1vW4LlKydyponUoVBrN1HHj77ytvoVJdy,False,"Follow tui Ä‘i cho Ä‘á»i thÃªm vuiğŸ¤£
ğŸŒš Youâ€¢Tuâ€¢be : Anh Money 
Email & TK Máº¡ng XHğŸ‘‡",0,anhmoney,False,3479,1300000,47,0,38700000,38700000,799,,False,1738145386,Nhá»¯ng kiáº¿p náº¡n trong máº¥y ngÃ y táº¿t khi gáº·p há» hÃ ng kiá»ƒu :)) #anhmoney #hai #hocsinh #giaitri #tiktokgiaitri ,False,10000.0,0,False,7465277568204164360,False,0,True,Anh Money ğŸ’°,226,7465277671476890384,False,False,nháº¡c ná»n - Anh Money ğŸ’°,False,False,False,False,True,1388,781,14500,426200,308,1388,781,14500,426200,0,308,0,vi,True,70.46,3010035,1.0,True,True,True,vie-VN,vi,10,h264,540p,226,,normal,mp4,1024,7465277568204164360,540p,normal,-18.6,0.91201,576,1740273836,,,,,,,,,,,,,,
,104,0,0,0,False,7141389257331377179,False,False,Anh Money ğŸ’°,False,False,0,MS4wLjABAAAAXUaY_kx4G5TKleIudsMCfceWC6k_OyI1vW4LlKydyponUoVBrN1HHj77ytvoVJdy,False,"Follow tui Ä‘i cho Ä‘á»i thÃªm vuiğŸ¤£
ğŸŒš Youâ€¢Tuâ€¢be : Anh Money 
Email & TK Máº¡ng XHğŸ‘‡",0,anhmoney,False,3479,1300000,47,0,38700000,38700000,799,,False,1738060726,"ChÃºng Ta KhÃ´ng Ä‚n Táº¿t âŒ MÃ  ChÃºng Ta Ä‚n Chá»­,i âœ… kiá»ƒu :))Â #anhmoney #hai #hocsinh #giaitri #tiktokgiaitri ",False,10000.0,0,False,7464913965290654983,False,0,True,Anh Money ğŸ’°,237,7464914299887815425,False,False,nháº¡c ná»n - Anh Money ğŸ’°,False,False,False,False,True,1992,1388,19500,654900,623,1992,1388,19500,654900,0,623,0,vi,True,73.37,2823519,1.0,True,True,True,vie-VN,vi,10,h264,540p,237,,normal,mp4,1024,7464913965290654983,540p,normal,-17.5,0.54325,576,1740273836,,,,,,,,,,,,,,
,104,0,0,0,False,7141389257331377179,False,False,Anh Money ğŸ’°,False,False,0,MS4wLjABAAAAXUaY_kx4G5TKleIudsMCfceWC6k_OyI1vW4LlKydyponUoVBrN1HHj77ytvoVJdy,False,"Follow tui Ä‘i cho Ä‘á»i thÃªm vuiğŸ¤£
ğŸŒš Youâ€¢Tuâ€¢be : Anh Money 
Email & TK Máº¡ng XHğŸ‘‡",0,anhmoney,False,3479,1300000,47,0,38700000,38700000,799,,False,1737974159,Máº¥y phá»¥ huynh lÃ¬ xÃ¬ mÃ  s.á»£ bá»‹ lá»— kiá»ƒu :)) #anhmoney #hai #hocsinh #giaitri ,False,10000.0,0,False,7464542160168193287,False,0,True,Anh Money ğŸ’°,231,7464542516680575760,False,False,nháº¡c ná»n - Anh Money ğŸ’°,False,False,False,False,True,7953,5510,122700,2400000,2382,7953,5510,122700,2400000,0,2382,0,vi,True,70.24,2361710,1.0,True,True,True,vie-VN,vi,10,h264,540p,231,,normal,mp4,1024,7464542160168193287,540p,normal,-19.8,0.53703,576,1740273836,,,,,,,,,,,,,,
,104,0,0,0,False,7141389257331377179,False,False,Anh Money ğŸ’°,False,False,0,MS4wLjABAAAAXUaY_kx4G5TKleIudsMCfceWC6k_OyI1vW4LlKydyponUoVBrN1HHj77ytvoVJdy,False,"Follow tui Ä‘i cho Ä‘á»i thÃªm vuiğŸ¤£
ğŸŒš Youâ€¢Tuâ€¢be : Anh Money 
Email & TK Máº¡ng XHğŸ‘‡",0,anhmoney,False,3479,1300000,47,0,38700000,38700000,799,,False,1737889012,Má»—i láº§n Ä‘i chá»£ táº¿t vá»›i máº¹ kiá»ƒu :)) #anhmoney #hai #hocsinh #giaitri ,False,10000.0,0,False,7464176452280306962,False,0,True,Anh Money ğŸ’°,223,7464176837650893584,False,False,nháº¡c ná»n - Anh Money ğŸ’°,False,False,False,False,True,5874,1869,78300,1500000,1966,5874,1869,78300,1500000,0,1966,0,vi,True,69.42,3451922,1.0,True,True,True,vie-VN,vi,10,h264,540p,223,,normal,mp4,1024,7464176452280306962,540p,normal,-21.0,0.89125,576,1740273836,,,,,,,,,,,,,,
,104,0,0,0,False,7141389257331377179,False,False,Anh Money ğŸ’°,False,False,0,MS4wLjABAAAAXUaY_kx4G5TKleIudsMCfceWC6k_OyI1vW4LlKydyponUoVBrN1HHj77ytvoVJdy,False,"Follow tui Ä‘i cho Ä‘á»i thÃªm vuiğŸ¤£
ğŸŒš Youâ€¢Tuâ€¢be : Anh Money 
Email & TK Máº¡ng XHğŸ‘‡",0,anhmoney,False,3479,1300000,47,0,38700000,38700000,799,,False,1737800220,"Má»—i nÄƒm , tháº¥y máº¹ vá»«a mua bÃ¡nh káº¹o táº¿t vá» tÃ´i kiá»ƒu :)) #anhmoney #hai #hocsinh #giaitri ",False,10000.0,0,False,7463795092831112456,False,0,True,Anh Money ğŸ’°,216,7463796518081481489,False,False,nháº¡c ná»n - Anh Money ğŸ’°,False,False,False,False,True,3655,1299,44100,1000000,755,3655,1299,44100,1000000,0,755,0,vi,True,72.65,1577793,1.0,True,True,True,vie-VN,vi,10,h264,540p,216,,normal,mp4,1024,7463795092831112456,540p,normal,-16.3,0.60954,576,1740273836,,,,,,,,,,,,,,
,104,0,0,0,False,7141389257331377179,False,False,Anh Money ğŸ’°,False,False,0,MS4wLjABAAAAXUaY_kx4G5TKleIudsMCfceWC6k_OyI1vW4LlKydyponUoVBrN1HHj77ytvoVJdy,False,"Follow tui Ä‘i cho Ä‘á»i thÃªm vuiğŸ¤£
ğŸŒš Youâ€¢Tuâ€¢be : Anh Money 
Email & TK Máº¡ng XHğŸ‘‡",0,anhmoney,False,3479,1300000,47,0,38700000,38700000,799,,False,1737715934,"Nhá»¯ng mÃ¡i Ä‘áº§u , há»c ngÃ y cuá»‘i trÆ°á»›c khi nghá»‰ táº¿t kiá»ƒu :)) #anhmoney #hai #hocsinh #giaitri ",False,10000.0,0,False,7463433093655825672,False,0,True,Anh Money ğŸ’°,230,7463433139206032129,False,False,nháº¡c ná»n - Anh Money ğŸ’°,False,False,False,False,True,17400,3680,247900,4000000,8563,17375,3680,247900,4000000,0,8563,0,vi,True,75.09,2251440,1.0,True,True,True,vie-VN,vi,10,h264,540p,230,,normal,mp4,1024,7463433093655825672,540p,normal,-18.8,0.72444,576,1740273836,,,,,,,,,,,,,,
,101,0,0,0,False,6758725048977343489,False,False,Tung Duong,False,False,0,MS4wLjABAAAA8FE84pQRrKiPrf1zzv2cbrzBWIg6i6JMNZ6R37DbdSIMuYRS5mZKWTnIta1O-jF-,False,KÃªnh TikTok- Official cá»§a TÃ¹ng DÆ°Æ¡ng,0,divotungduong,True,658,1400000,2,0,7500000,7500000,230,,False,1740135102,"NÄƒm 2025 sáº½ láº¡i tráº» hÃ³a báº±ng viá»‡c hÃ¡t nhiá»u nháº¡c tráº», quÃ½ zá»‹ tháº¥y sao áº¡? ğŸ˜ #trotyeu #tungduongofficial #trungquan #nguoidanonghatliveconcert ",False,10046.0,0,False,7473823332320677127,False,0,True,Tung Duong,53,7473823436647664385,False,False,original sound - Tung Duong,False,False,False,False,True,515,304,13700,312200,322,515,304,13700,312200,0,322,0,vi,True,60.45,1320562,,True,True,,,,,h264,540p,53,,normal,mp4,1024,7473823332320677127,540p,normal,-27.1,0.22387,576,1740273837,,,,True,,,,,True,3.0,,,,
,101,0,0,0,False,6758725048977343489,False,False,Tung Duong,False,False,0,MS4wLjABAAAA8FE84pQRrKiPrf1zzv2cbrzBWIg6i6JMNZ6R37DbdSIMuYRS5mZKWTnIta1O-jF-,False,KÃªnh TikTok- Official cá»§a TÃ¹ng DÆ°Æ¡ng,0,divotungduong,True,658,1400000,2,0,7500000,7500000,230,,False,1739535140,2 chiáº¿n tháº§n song ca. CÄƒng cá»±c ğŸ”¥ğŸ¤£ #ngaychuagiongbao #tungduongofficial #nguoidanonghatliveconcert #trungquan ,False,10046.0,0,False,7471246520491330823,False,0,True,Tung Duong,60,7471246670634765072,False,False,original sound - Tung Duong,False,False,False,False,True,2960,2542,95900,2000000,1930,2960,2542,95900,2000000,0,1930,0,vi,True,65.26,2368677,,True,True,,,,,h264,540p,60,,normal,mp4,1024,7471246520491330823,540p,normal,-6.6,1.0,576,1740273837,,,,True,,,,,True,3.0,,,,
,101,0,0,0,False,6758725048977343489,False,False,Tung Duong,False,False,0,MS4wLjABAAAA8FE84pQRrKiPrf1zzv2cbrzBWIg6i6JMNZ6R37DbdSIMuYRS5mZKWTnIta1O-jF-,False,KÃªnh TikTok- Official cá»§a TÃ¹ng DÆ°Æ¡ng,0,divotungduong,True,658,1400000,2,0,7500000,7500000,230,,False,1738159112,"Tiáº¿ng DÆ°Æ¡ng vang rá»«ng nÃºi, sao Subin chÆ°a tráº£ lá»i? ğŸ¤£ #chieckhanpieu #tungduongofficial #sobinhoangson #nguoidanonghatliveconcert ",False,10046.0,0,False,7465336523072851218,False,0,True,Tung Duong,44,7465336586021587713,False,False,original sound - Tung Duong,False,False,False,False,True,21700,5136,446200,12600000,29600,21741,5136,446200,12600000,0,29600,0,vi,True,61.64,1445323,,True,True,,,,,h264,540p,44,,normal,mp4,1022,7465336523072851218,540p,normal,-13.3,0.92257,576,1740273837,,,,True,,,,,True,3.0,,,,
,101,0,0,0,False,6758725048977343489,False,False,Tung Duong,False,False,0,MS4wLjABAAAA8FE84pQRrKiPrf1zzv2cbrzBWIg6i6JMNZ6R37DbdSIMuYRS5mZKWTnIta1O-jF-,False,KÃªnh TikTok- Official cá»§a TÃ¹ng DÆ°Æ¡ng,0,divotungduong,True,658,1400000,2,0,7500000,7500000,230,,False,1737791875,"TÃ¹ng DÆ°Æ¡ng - Gia trÆ°á»Ÿng & dáº±n máº·t  Subin - thÃ´ng cáº£m, dáº±n váº·t ğŸ¤£ cÅ©ng Ä‘Ãºng ha ğŸ˜ğŸ˜ğŸ˜ #gianhu #tungduongofficial #sobinhoangson #nguoidanonghatliveconcert ",False,10046.0,0,False,7463759243372498183,False,0,True,Tung Duong,58,7463759496582613776,False,False,original sound - Tung Duong,False,False,False,False,True,2658,647,87900,2500000,1789,2658,647,87900,2500000,0,1789,0,vi,True,62.69,1277689,,True,True,,,,,h264,540p,58,,normal,mp4,1022,7463759243372498183,540p,normal,-7.3,1.0,576,1740273837,,,,True,,,,,True,3.0,,,,
,101,0,0,0,False,6758725048977343489,False,False,Tung Duong,False,False,0,MS4wLjABAAAA8FE84pQRrKiPrf1zzv2cbrzBWIg6i6JMNZ6R37DbdSIMuYRS5mZKWTnIta1O-jF-,False,KÃªnh TikTok- Official cá»§a TÃ¹ng DÆ°Æ¡ng,0,divotungduong,True,658,1400000,2,0,7500000,7500000,230,,False,1737709090,Khi GiÆ°á»ng Tung hÃ¡t RnB cÃ¹ng Sibun ğŸ¤£ğŸ”¥ CÃ¡c báº¡n cho cáº£m nháº­n ğŸ˜ #gianhu #tungduongofficial  #sobinhoangson #nguoidanonghatliveconcert,False,10046.0,0,False,7463403693505826056,False,0,True,Tung Duong,61,7463403753266580240,False,False,original sound - Tung Duong,False,False,False,False,True,42000,5374,574500,10700000,17000,42045,5374,574500,10700000,0,17000,0,vi,True,64.8,1078337,,True,True,,,,,h264,540p,61,,normal,mp4,1022,7463403693505826056,540p,normal,-10.4,1.0,576,1740273837,,,,True,,,,,True,3.0,,,,
,103,0,0,0,False,236651696938962944,False,False,DoDat,False,False,0,MS4wLjABAAAAibawZsaOzTssb9WKetaV_0FpqATLJj8qjqQcVAtC7HoYBE_nz5WB7FCkxn_63_-2,False,"NgÆ°á»i nÃ y khÃ´ng cÃ³ gÃ¬ Ä‘áº·c biá»‡t vÃ  khÃ´ng cÃ³ tiá»ƒu sá»­.
á»¦ng há»™ cho mÃ¬nh táº¡i Ä‘Ã¢yğŸ¥",0,dodattt,False,45300,626000,22,0,3100000,3100000,32,,False,1740124020,"""tÃ¢m há»“n anh tan vá»¡ vÃ¬ táº¥t cáº£ nhá»¯ng lá»i há»©a cá»§a em""",False,10056.0,0,False,7473775734390017298,False,0,True,CAITHAO,34,7428147679227628304,False,False,nháº¡c ná»n - Cáº£i Tháº£o,False,False,False,False,True,1332,482,45200,536700,862,1332,482,45200,536700,0,862,0,vi,True,66.95,1651259,1.0,True,True,True,vie-VN,vi,10,h264,540p,34,,normal,mp4,1024,7473775734390017298,540p,normal,-13.3,0.74131,576,1740273841,,,,True,,,,,True,,,,,
,103,0,0,0,False,236651696938962944,False,False,DoDat,False,False,0,MS4wLjABAAAAibawZsaOzTssb9WKetaV_0FpqATLJj8qjqQcVAtC7HoYBE_nz5WB7FCkxn_63_-2,False,"NgÆ°á»i nÃ y khÃ´ng cÃ³ gÃ¬ Ä‘áº·c biá»‡t vÃ  khÃ´ng cÃ³ tiá»ƒu sá»­.
á»¦ng há»™ cho mÃ¬nh táº¡i Ä‘Ã¢yğŸ¥",0,dodattt,False,45300,626000,22,0,3100000,3100000,32,,False,1739696831,"em khÃ´ng biáº¿t lÃ m , thÃ¬ tÃ´i lÃ m cho",False,10056.0,0,False,7471940976962047239,False,0,True,á´¾á´¼á´¬á´ºá´´ğŸ¥•,25,7468895080788478721,False,False,nháº¡c ná»n - á´¾á´¼á´¬á´ºá´´ğŸ¥•,False,False,False,False,True,2414,1024,74400,1100000,2109,2414,1024,74400,1100000,0,2109,0,vi,True,72.73,2001587,,True,True,,,,,h264,540p,25,,normal,mp4,1024,7471940976962047239,540p,normal,-7.4,0.74989,576,1740273841,,,,True,,,,,True,3.0,,,,
,103,0,0,0,False,236651696938962944,False,False,DoDat,False,False,0,MS4wLjABAAAAibawZsaOzTssb9WKetaV_0FpqATLJj8qjqQcVAtC7HoYBE_nz5WB7FCkxn_63_-2,False,"NgÆ°á»i nÃ y khÃ´ng cÃ³ gÃ¬ Ä‘áº·c biá»‡t vÃ  khÃ´ng cÃ³ tiá»ƒu sá»­.
á»¦ng há»™ cho mÃ¬nh táº¡i Ä‘Ã¢yğŸ¥",0,dodattt,False,45300,626000,22,0,3100000,3100000,32,,False,1739609484,"""xin lá»—i vÃ¬ Ä‘Ã£ lÃ£ng phÃ­ thá»i gian cá»§a em"" #ffvalentine2025ugc",False,10056.0,0,False,7471565826030636295,False,0,True,Zii Zii 26,27,7377997381184359185,True,False,nháº¡c ná»n - Zii Zii 26,False,False,False,False,True,2841,1022,105300,1500000,2072,2841,1022,105300,1500000,0,2072,0,vi,True,71.94,1586049,,True,True,,,,,h264,540p,27,,normal,mp4,1024,7471565826030636295,540p,normal,-14.9,0.4121,576,1740273841,,,,True,,,,,True,3.0,,,,
,103,0,0,0,False,236651696938962944,False,False,DoDat,False,False,0,MS4wLjABAAAAibawZsaOzTssb9WKetaV_0FpqATLJj8qjqQcVAtC7HoYBE_nz5WB7FCkxn_63_-2,False,"NgÆ°á»i nÃ y khÃ´ng cÃ³ gÃ¬ Ä‘áº·c biá»‡t vÃ  khÃ´ng cÃ³ tiá»ƒu sá»­.
á»¦ng há»™ cho mÃ¬nh táº¡i Ä‘Ã¢yğŸ¥",0,dodattt,False,45300,626000,22,0,3100000,3100000,32,,False,1739355342,Rá»§ quay chung thÃ¬ báº­nnnn .,False,10056.0,0,False,7470474292908641543,False,0,True,hoÃ ng ká»³,20,7468639807586765584,False,False,nháº¡c ná»n - LÆ°Æ¡ng hoÃ ng ká»³,False,False,False,False,True,1282,358,31100,513600,430,1282,358,31100,513600,0,430,0,vi,True,67.51,1412019,,True,True,,,,,h264,540p,20,,normal,mp4,576,7470474292908641543,540p,normal,-5.0,1.0,1024,1740273841,,,,True,,,,,True,3.0,,,,
,103,0,0,0,False,236651696938962944,False,False,DoDat,False,False,0,MS4wLjABAAAAibawZsaOzTssb9WKetaV_0FpqATLJj8qjqQcVAtC7HoYBE_nz5WB7FCkxn_63_-2,False,"NgÆ°á»i nÃ y khÃ´ng cÃ³ gÃ¬ Ä‘áº·c biá»‡t vÃ  khÃ´ng cÃ³ tiá»ƒu sá»­.
á»¦ng há»™ cho mÃ¬nh táº¡i Ä‘Ã¢yğŸ¥",0,dodattt,False,45300,626000,22,0,3100000,3100000,32,,False,1739170860,"Náº¿u Ä‘Ã£ sÃ¢u Ä‘áº­m , xin Ä‘á»«ng chia xa .",False,10056.0,0,False,7469681943550921991,False,0,True,My,18,7363966072468409104,True,False,nháº¡c ná»n - My,False,False,False,False,True,3420,1237,133700,2100000,2656,3420,1237,133700,2100000,0,2656,0,vi,True,61.83,846193,,True,True,,,,,h264,540p,18,,normal,mp4,1024,7469681943550921991,540p,normal,-8.5,1.0,576,1740273841,,,,True,,,,,True,3.0,,,,
,103,0,0,0,False,236651696938962944,False,False,DoDat,False,False,0,MS4wLjABAAAAibawZsaOzTssb9WKetaV_0FpqATLJj8qjqQcVAtC7HoYBE_nz5WB7FCkxn_63_-2,False,"NgÆ°á»i nÃ y khÃ´ng cÃ³ gÃ¬ Ä‘áº·c biá»‡t vÃ  khÃ´ng cÃ³ tiá»ƒu sá»­.
á»¦ng há»™ cho mÃ¬nh táº¡i Ä‘Ã¢yğŸ¥",0,dodattt,False,45300,626000,22,0,3100000,3100000,32,,False,1739011604,á» Ä‘Ã¢u ra mÃ  Ä‘Ã¡ng yÃªu váº­yyy ?,False,10056.0,0,False,7468997942691613959,False,0,True,Chin-suuuğŸŒ¶ï¸,19,7429299237903190800,False,False,nháº¡c ná»n - ğŸ—½â›©ï¸ğŸ’®THÃˆNGACUğŸ’®â›©ï¸ğŸ—½,False,False,False,False,True,18100,3401,316800,4300000,9468,18106,3401,316800,4300000,0,9468,0,vi,True,58.94,832747,,True,True,,,,,h264,540p,19,,normal,mp4,576,7468997942691613959,540p,normal,-19.1,0.51286,1024,1740273841,,,,True,,,,,True,3.0,,,,
,103,0,0,0,False,236651696938962944,False,False,DoDat,False,False,0,MS4wLjABAAAAibawZsaOzTssb9WKetaV_0FpqATLJj8qjqQcVAtC7HoYBE_nz5WB7FCkxn_63_-2,False,"NgÆ°á»i nÃ y khÃ´ng cÃ³ gÃ¬ Ä‘áº·c biá»‡t vÃ  khÃ´ng cÃ³ tiá»ƒu sá»­.
á»¦ng há»™ cho mÃ¬nh táº¡i Ä‘Ã¢yğŸ¥",0,dodattt,False,45300,626000,22,0,3100000,3100000,32,,False,1738913703,CÃ³ cáº§n anh khÃ´ng ?,False,10056.0,0,False,7468577458938318087,False,0,True,nhatkosuyy,39,7365273317512628993,False,False,nháº¡c ná»n - vuacobac0205,False,False,False,False,True,2952,1983,89300,1600000,1340,2952,1983,89300,1600000,0,1340,0,vi,True,63.53,661807,1.0,True,True,True,cmn-Hans-CN,zh-Hans,1,h264,540p,39,,normal,mp4,1024,7468577458938318087,540p,normal,-12.7,1.0,576,1740273841,,,,True,,,,,True,,,,,
,103,0,0,0,False,236651696938962944,False,False,DoDat,False,False,0,MS4wLjABAAAAibawZsaOzTssb9WKetaV_0FpqATLJj8qjqQcVAtC7HoYBE_nz5WB7FCkxn_63_-2,False,"NgÆ°á»i nÃ y khÃ´ng cÃ³ gÃ¬ Ä‘áº·c biá»‡t vÃ  khÃ´ng cÃ³ tiá»ƒu sá»­.
á»¦ng há»™ cho mÃ¬nh táº¡i Ä‘Ã¢yğŸ¥",0,dodattt,False,45300,626000,22,0,3100000,3100000,32,,False,1738675259,nhÆ°ng mÃ¬nh muá»‘n gáº·p cÃ´ng chÃºa cÆ¡. #thichkhachhoaanUGC ,False,10056.0,0,False,7467553354550447367,False,0,True,TrungHaySuyâ™¡,20,7467023293103753985,False,False,nháº¡c ná»n - TrungHaySuyâ™¡,False,False,False,False,True,3045,1740,116400,1900000,3760,3045,1740,116400,1900000,0,3760,0,vi,True,68.15,1359507,1.0,True,True,True,vie-VN,vi,10,h264,540p,20,,normal,mp4,576,7467553354550447367,540p,normal,-9.9,0.79433,576,1740273841,,,,True,,,,,True,,,,,
,112,0,0,0,False,7287202891054941217,False,False,Hulkcn ğŸ’ª,False,False,0,MS4wLjABAAAAPbo6ESc2TtmntPSsFyRaS8LatX1ZPP2ZRZ1r82EQPwr4zCByg5LModKwzz3dg5Bc,False,å¸Œæœ›åœ¨æ–°çš„æ—¥å­é‡Œæˆ‘ä»¬ä¸€èµ·åŠ æ²¹ä¸€èµ·åŠªåŠ›è§è¯ä¸åŒçš„è‡ªå·± ğŸ’ªğŸ¤¨âœŒï¸,0,hulkcn,False,0,911100,0,0,25600000,25600000,232,,False,1739964749,"There is no gap in front of a good horse. Never compare yourself with others, always compare yourself with yourself. It is enough to be a little better today than yesterday. #3Qï¼šThÃ nhChá»§TiÃªuDao #Táº£ixuá»‘ngtáº·ngngay200lÆ°á»£t #GameRPGLÃ mThÃ nhChá»§ ",False,10059.0,0,False,7473091676333083926,False,0,True,Hulkcn ğŸ’ª,28,7473091659309976342,True,False,nháº¡c ná»n - Hulkcn ğŸ’ª,False,False,False,False,True,7176,1306,137400,2700000,4968,7176,1306,137400,2700000,0,4968,0,en,True,67.74,3123122,,True,True,,,,,h264,540p,28,,normal,mp4,1024,7473091676333083926,540p,normal,-11.0,1.0,576,1740273839,,True,,True,True,True,True,True,True,3.0,,,,
,112,0,0,0,False,7287202891054941217,False,False,Hulkcn ğŸ’ª,False,False,0,MS4wLjABAAAAPbo6ESc2TtmntPSsFyRaS8LatX1ZPP2ZRZ1r82EQPwr4zCByg5LModKwzz3dg5Bc,False,å¸Œæœ›åœ¨æ–°çš„æ—¥å­é‡Œæˆ‘ä»¬ä¸€èµ·åŠ æ²¹ä¸€èµ·åŠªåŠ›è§è¯ä¸åŒçš„è‡ªå·± ğŸ’ªğŸ¤¨âœŒï¸,0,hulkcn,False,0,911100,0,0,25600000,25600000,232,,False,1739529578,What does the world's gossip mean? I am determined and unwavering,False,10059.0,0,False,7471222616766958870,False,0,True,RAVENS ROCK,60,7112540844648826881,True,False,"Hell Yeah - Raven Ruin Sessions, Vol. 3",False,False,False,False,True,1766,492,38600,659100,1474,1766,492,38600,659100,0,1474,0,en,True,63.94,3773141,,False,False,,,,,h264,540p,20,,normal,mp4,1024,7471222616766958870,540p,normal,-16.8,0.52481,576,1740273839,,,,True,,,,,True,2.0,"HELL YEAH (RAVEN Ruin sessions, Vol. 3)",,,
,112,0,0,0,False,7287202891054941217,False,False,Hulkcn ğŸ’ª,False,False,0,MS4wLjABAAAAPbo6ESc2TtmntPSsFyRaS8LatX1ZPP2ZRZ1r82EQPwr4zCByg5LModKwzz3dg5Bc,False,å¸Œæœ›åœ¨æ–°çš„æ—¥å­é‡Œæˆ‘ä»¬ä¸€èµ·åŠ æ²¹ä¸€èµ·åŠªåŠ›è§è¯ä¸åŒçš„è‡ªå·± ğŸ’ªğŸ¤¨âœŒï¸,0,hulkcn,False,0,911100,0,0,25600000,25600000,232,,False,1739352686,I wish you all success in your endeavors on Lantern Festival. Thank you for your likes. I will shoot on my day off for Whale Shark King,False,10059.0,0,False,7470462876898086166,False,0,True,Hulkcn ğŸ’ª,29,7470462868632537878,True,False,nháº¡c ná»n - Hulkcn ğŸ’ª,False,False,False,False,True,4012,988,80100,2100000,3326,4012,988,80100,2100000,0,3326,0,en,True,65.92,2772549,,True,True,,,,,h264,540p,29,,normal,mp4,1024,7470462876898086166,540p,normal,-10.9,1.0,576,1740273839,,,,True,,,,,True,3.0,,,,
,112,0,0,0,False,7287202891054941217,False,False,Hulkcn ğŸ’ª,False,False,0,MS4wLjABAAAAPbo6ESc2TtmntPSsFyRaS8LatX1ZPP2ZRZ1r82EQPwr4zCByg5LModKwzz3dg5Bc,False,å¸Œæœ›åœ¨æ–°çš„æ—¥å­é‡Œæˆ‘ä»¬ä¸€èµ·åŠ æ²¹ä¸€èµ·åŠªåŠ›è§è¯ä¸åŒçš„è‡ªå·± ğŸ’ªğŸ¤¨âœŒï¸,0,hulkcn,False,0,911100,0,0,25600000,25600000,232,,False,1739331464,I wish you all a successful Lantern Festival,False,10059.0,0,False,7470371683879161110,False,0,True,Hulkcn ğŸ’ª,28,7470371586172783382,True,False,nháº¡c ná»n - Hulkcn ğŸ’ª,False,False,False,False,True,7942,1634,174900,6300000,7045,7942,1634,174900,6300000,0,7045,0,en,True,64.87,2965684,,True,True,,,,,h264,540p,28,,normal,mp4,1024,7470371683879161110,540p,normal,-11.0,1.0,576,1740273839,,,,True,,,,,True,3.0,,,,
,120,0,0,0,False,7287202891054941217,False,False,Hulkcn ğŸ’ª,False,False,0,MS4wLjABAAAAPbo6ESc2TtmntPSsFyRaS8LatX1ZPP2ZRZ1r82EQPwr4zCByg5LModKwzz3dg5Bc,False,å¸Œæœ›åœ¨æ–°çš„æ—¥å­é‡Œæˆ‘ä»¬ä¸€èµ·åŠ æ²¹ä¸€èµ·åŠªåŠ›è§è¯ä¸åŒçš„è‡ªå·± ğŸ’ªğŸ¤¨âœŒï¸,0,hulkcn,False,0,911100,0,0,25600000,25600000,232,,False,1738662812,"It's been a long time since I updated my work. My friends, the whale shark king costume has arrived. I will go to shoot in two days. After this cosplay, I will focus on Xiang Yu and Gui Lu. Thank you for your support and company along the way. I've kept you waiting for a long time",False,10051.0,0,False,7467499872124505366,False,0,True,Hulkcn ğŸ’ª,175,7467499869159099158,False,False,nháº¡c ná»n - Hulkcn ğŸ’ª,False,False,False,False,True,390,152,7886,320600,141,390,152,7886,320600,0,141,0,en,True,73.49,1064717,1.0,True,True,True,cmn-Hans-CN,zh-Hans,1,h264,540p,175,,normal,mp4,1024,7467499872124505366,540p,normal,-20.0,0.60256,576,1740273839,,,,True,,,,,True,,,,,
,120,0,0,0,False,7287202891054941217,False,False,Hulkcn ğŸ’ª,False,False,0,MS4wLjABAAAAPbo6ESc2TtmntPSsFyRaS8LatX1ZPP2ZRZ1r82EQPwr4zCByg5LModKwzz3dg5Bc,False,å¸Œæœ›åœ¨æ–°çš„æ—¥å­é‡Œæˆ‘ä»¬ä¸€èµ·åŠ æ²¹ä¸€èµ·åŠªåŠ›è§è¯ä¸åŒçš„è‡ªå·± ğŸ’ªğŸ¤¨âœŒï¸,0,hulkcn,False,0,911100,0,0,25600000,25600000,232,,False,1737883703,"Even if the journey is long, it will eventually arrive. Even if the task is difficult, it will eventually be accomplished. We traveled northwards to the coldest place in China. Thanks to our friends in Inner Mongolia for their hospitality. We ate and drank enough. We ate and exercised as needed. ",False,10043.0,0,False,7464153627859455254,False,0,True,RAVENS ROCK,60,7112540844648826881,True,False,"Hell Yeah - Raven Ruin Sessions, Vol. 3",False,False,False,False,True,4139,717,83400,1600000,2546,4139,717,83400,1600000,0,2546,0,en,True,65.89,1296932,,False,False,,,,,h264,540p,38,,normal,mp4,1024,7464153627859455254,540p,normal,-10.4,1.0,576,1740273839,,,,True,,,,,True,2.0,"HELL YEAH (RAVEN Ruin sessions, Vol. 3)",,,
,0,0,0,0,False,7287202891054941217,False,False,Hulkcn ğŸ’ª,False,False,0,MS4wLjABAAAAPbo6ESc2TtmntPSsFyRaS8LatX1ZPP2ZRZ1r82EQPwr4zCByg5LModKwzz3dg5Bc,False,å¸Œæœ›åœ¨æ–°çš„æ—¥å­é‡Œæˆ‘ä»¬ä¸€èµ·åŠ æ²¹ä¸€èµ·åŠªåŠ›è§è¯ä¸åŒçš„è‡ªå·± ğŸ’ªğŸ¤¨âœŒï¸,0,hulkcn,False,0,911100,0,0,25600000,25600000,232,,False,1737705218,Why do you like to pick up everything? #TetFreeFireKOL #freefire ,False,,0,False,7463387033151540502,False,0,True,Hulkcn ğŸ’ª,29,7463387009642547990,False,False,nháº¡c ná»n - Hulkcn ğŸ’ª,False,False,False,False,True,526,142,11100,334300,149,526,142,11100,334300,0,149,0,en,True,66.49,2305710,,True,True,,,,,h264,540p,29,,normal,mp4,1024,7463387033151540502,540p,normal,-14.4,0.5559,576,1740273839,,True,,True,True,True,True,True,True,3.0,,,,
,107,0,0,0,False,6576098022130925569,False,False,Táº¥n Xa NhÃ ,False,False,0,MS4wLjABAAAAuVGt9PQx5RmDPtEVGkR2Y-vohSXDnNGFNsCqllyCjtxU7-lrr_GhsEDSnzdDjBgf,False,"SÃ¡ng mÃ¬ gÃ³i - Tá»‘i thá»‹t bÃ²
For work: ngoanhtan.contact@gmail.com ğŸ“©",0,ngoanhtan1,False,6478,1000000,422,0,34700000,34700000,544,,False,1738301546,5 nÄƒm bÃªn nhau â¤ï¸ #tanxanha #ngoanhtan1 #LearnOnTikTok #TikTokGiaiTri ,False,10012.0,0,False,7465948264911686930,False,0,True,H Ã€ A N H ğŸ‘‘,26,7455687965483092752,False,False,nháº¡c ná»n - H Ã€ A N H ğŸ‘‘,False,False,False,False,True,211,255,9235,163600,78,211,255,9235,163600,0,78,0,vi,True,72.61,940515,,True,True,,,,,h264,540p,26,,normal,mp4,1024,7465948264911686930,540p,normal,-7.4,1.0,576,1740273838,,,,True,,,,,True,3.0,,True,,
,120,0,0,0,False,6576098022130925569,False,False,Táº¥n Xa NhÃ ,False,False,0,MS4wLjABAAAAuVGt9PQx5RmDPtEVGkR2Y-vohSXDnNGFNsCqllyCjtxU7-lrr_GhsEDSnzdDjBgf,False,"SÃ¡ng mÃ¬ gÃ³i - Tá»‘i thá»‹t bÃ²
For work: ngoanhtan.contact@gmail.com ğŸ“©",0,ngoanhtan1,False,6478,1000000,422,0,34700000,34700000,544,,False,1737873540,Top máº¥y Viá»‡t Nam rá»“i má»i ngÆ°á»i? #tanxanha #ngoanhtan1 #LearnOnTikTok #TikTokGiaiTri ,False,10075.0,0,False,7464109988491873554,False,0,True,TLinhğŸª­,15,7438264081566305040,True,False,CÃ´ ngá»‘c,False,False,False,False,True,482,196,31800,716700,697,482,196,31800,716700,0,697,0,vi,True,67.38,819604,,True,True,,,,,h264,540p,15,,normal,mp4,1022,7464109988491873554,540p,normal,-8.2,1.0,576,1740273838,,,,True,,,,,True,3.0,,True,,
,120,0,0,0,False,6576098022130925569,False,False,Táº¥n Xa NhÃ ,False,False,0,MS4wLjABAAAAuVGt9PQx5RmDPtEVGkR2Y-vohSXDnNGFNsCqllyCjtxU7-lrr_GhsEDSnzdDjBgf,False,"SÃ¡ng mÃ¬ gÃ³i - Tá»‘i thá»‹t bÃ²
For work: ngoanhtan.contact@gmail.com ğŸ“©",0,ngoanhtan1,False,6478,1000000,422,0,34700000,34700000,544,,False,1737806264,ThÆ°Æ¡ng cÃ´ #tanxanha #ngoanhtan1 #LearnOnTikTok #TikTokGiaiTri ,False,10075.0,0,False,7463821053148597512,False,0,True,Táº¥n Xa NhÃ ,11,7463821076264143617,False,False,nháº¡c ná»n - Táº¥n Xa NhÃ ,False,False,False,False,True,2442,346,47100,598700,6646,2442,346,47100,598700,0,6646,0,vi,True,68.71,488430,1.0,True,True,True,vie-VN,vi,10,h264,540p,11,,normal,mp4,1024,7463821053148597512,540p,normal,-18.4,0.72444,576,1740273838,,,,True,,,,,True,,,True,7440411410133224208,
,120,0,0,0,False,6576098022130925569,False,False,Táº¥n Xa NhÃ ,False,False,0,MS4wLjABAAAAuVGt9PQx5RmDPtEVGkR2Y-vohSXDnNGFNsCqllyCjtxU7-lrr_GhsEDSnzdDjBgf,False,"SÃ¡ng mÃ¬ gÃ³i - Tá»‘i thá»‹t bÃ²
For work: ngoanhtan.contact@gmail.com ğŸ“©",0,ngoanhtan1,False,6478,1000000,422,0,34700000,34700000,544,,False,1740224784,Cung Song Tá»­ #tanxanha #ngoanhtan1 #LearnOnTikTok #TikTokGiaiTri ,False,10075.0,0,False,7474208512348900626,False,0,True,Táº¥n Xa NhÃ ,13,7474208567266151169,False,False,nháº¡c ná»n - Táº¥n Xa NhÃ ,False,False,False,False,True,7228,4728,121700,1700000,26500,7228,4728,121700,1700000,0,26500,0,vi,True,69.44,469387,1.0,True,True,True,vie-VN,vi,10,h264,540p,13,,normal,mp4,1024,7474208512348900626,540p,normal,-14.5,0.80353,576,1740273838,,,,True,,,,,True,,,,7440411410133224208,
,111,0,0,0,False,6576098022130925569,False,False,Táº¥n Xa NhÃ ,False,False,0,MS4wLjABAAAAuVGt9PQx5RmDPtEVGkR2Y-vohSXDnNGFNsCqllyCjtxU7-lrr_GhsEDSnzdDjBgf,False,"SÃ¡ng mÃ¬ gÃ³i - Tá»‘i thá»‹t bÃ²
For work: ngoanhtan.contact@gmail.com ğŸ“©",0,ngoanhtan1,False,6478,1000000,422,0,34700000,34700000,544,,False,1739963341,CÃ  phÃª sá»¯a #tanxanha #ngoanhtan1 #LearnOnTikTok #TikTokGiaiTri ,False,10042.0,0,False,7473085630000532754,False,0,True,Táº¥n Xa NhÃ ,10,7473085650322737936,False,False,nháº¡c ná»n - Táº¥n Xa NhÃ ,False,False,False,False,True,1437,834,27500,1200000,13900,1437,834,27500,1200000,0,13900,0,vi,True,72.48,400595,1.0,True,True,True,vie-VN,vi,10,h264,540p,10,,normal,mp4,1024,7473085630000532754,540p,normal,-16.9,0.8414,576,1740273838,,,,True,,,,,True,,,,7440411410133224208,
,118,0,0,0,False,6576098022130925569,False,False,Táº¥n Xa NhÃ ,False,False,0,MS4wLjABAAAAuVGt9PQx5RmDPtEVGkR2Y-vohSXDnNGFNsCqllyCjtxU7-lrr_GhsEDSnzdDjBgf,False,"SÃ¡ng mÃ¬ gÃ³i - Tá»‘i thá»‹t bÃ²
For work: ngoanhtan.contact@gmail.com ğŸ“©",0,ngoanhtan1,False,6478,1000000,422,0,34700000,34700000,544,,False,1739879853,ThÃ  Ä‘á»«ng nghá»‰ #tanxanha #ngoanhtan1 #LearnOnTikTok #TikTokGiaiTri ,False,10067.0,0,False,7472727048503446792,False,0,True,Táº¥n Xa NhÃ ,54,7472727161036753681,False,False,nháº¡c ná»n - Táº¥n Xa NhÃ ,False,False,False,False,True,61,78,2891,52300,202,61,78,2891,52300,0,202,0,vi,True,67.91,836121,1.0,True,True,True,vie-VN,vi,10,h264,540p,54,,normal,mp4,1024,7472727048503446792,540p,normal,-18.1,0.98855,576,1740273838,,,,True,,,,,True,,,,,
,104,0,0,0,False,6576098022130925569,False,False,Táº¥n Xa NhÃ ,False,False,0,MS4wLjABAAAAuVGt9PQx5RmDPtEVGkR2Y-vohSXDnNGFNsCqllyCjtxU7-lrr_GhsEDSnzdDjBgf,False,"SÃ¡ng mÃ¬ gÃ³i - Tá»‘i thá»‹t bÃ²
For work: ngoanhtan.contact@gmail.com ğŸ“©",0,ngoanhtan1,False,6478,1000000,422,0,34700000,34700000,544,,False,1739703297,MÃ¬ cay #tanxanha #ngoanhtan1 ##LearnOnTikTok##TikTokGiaiTri,False,10003.0,0,False,7471968739978775815,False,0,True,Táº¥n Xa NhÃ ,12,7471968781657443089,False,False,nháº¡c ná»n - Táº¥n Xa NhÃ ,False,False,False,False,True,271,186,6087,67900,1940,271,186,6087,67900,0,1940,0,vi,True,71.09,448708,1.0,True,True,True,vie-VN,vi,10,h264,540p,12,,normal,mp4,1024,7471968739978775815,540p,normal,-16.4,0.82224,576,1740273838,,,,True,,,,,True,,,,7440411410133224208,
,104,0,0,0,False,6576098022130925569,False,False,Táº¥n Xa NhÃ ,False,False,0,MS4wLjABAAAAuVGt9PQx5RmDPtEVGkR2Y-vohSXDnNGFNsCqllyCjtxU7-lrr_GhsEDSnzdDjBgf,False,"SÃ¡ng mÃ¬ gÃ³i - Tá»‘i thá»‹t bÃ²
For work: ngoanhtan.contact@gmail.com ğŸ“©",0,ngoanhtan1,False,6478,1000000,422,0,34700000,34700000,544,,False,1739612833,Náº¡n nhÃ¢n cá»§a content #tanxanha #ngoanhtan1 #LearnOnTikTok #TikTokGiaiTri ,False,10000.0,0,False,7471580207015562514,False,0,True,Táº¥n Xa NhÃ ,25,7471580281086970640,False,False,nháº¡c ná»n - Táº¥n Xa NhÃ ,False,False,False,False,True,536,274,16200,224900,679,536,274,16200,224900,0,679,0,vi,True,71.75,869406,1.0,True,True,True,vie-VN,vi,10,h264,540p,25,,normal,mp4,1024,7471580207015562514,540p,normal,-11.5,1.0,576,1740273838,,,,True,,,,,True,,,,,
,115,0,0,0,False,6576098022130925569,False,False,Táº¥n Xa NhÃ ,False,False,0,MS4wLjABAAAAuVGt9PQx5RmDPtEVGkR2Y-vohSXDnNGFNsCqllyCjtxU7-lrr_GhsEDSnzdDjBgf,False,"SÃ¡ng mÃ¬ gÃ³i - Tá»‘i thá»‹t bÃ²
For work: ngoanhtan.contact@gmail.com ğŸ“©",0,ngoanhtan1,False,6478,1000000,422,0,34700000,34700000,544,,False,1739534125,CÃ³ ai chÆ°a Ä‘i metro hong? #tanxanha #ngoanhtan1 #LearnOnTikTok #TikTokGiaiTri ,False,10063.0,0,False,7471242152081739015,False,0,True,Táº¥n Xa NhÃ ,98,7471242358076771073,False,False,nháº¡c ná»n - Táº¥n Xa NhÃ ,False,False,False,False,True,1709,236,45200,516600,1273,1709,236,45200,516600,0,1273,0,vi,True,70.02,1371894,1.0,True,True,True,vie-VN,vi,10,h264,540p,98,,normal,mp4,1024,7471242152081739015,540p,normal,-43.7,0.05433,576,1740273838,,True,,True,True,True,True,True,True,,,,,
,104,0,0,0,False,6576098022130925569,False,False,Táº¥n Xa NhÃ ,False,False,0,MS4wLjABAAAAuVGt9PQx5RmDPtEVGkR2Y-vohSXDnNGFNsCqllyCjtxU7-lrr_GhsEDSnzdDjBgf,False,"SÃ¡ng mÃ¬ gÃ³i - Tá»‘i thá»‹t bÃ²
For work: ngoanhtan.contact@gmail.com ğŸ“©",0,ngoanhtan1,False,6478,1000000,422,0,34700000,34700000,544,,False,1739512376,Valentine #tanxanha #ngoanhtan1 #LearnOnTikTok #TikTokGiaiTri ,False,10003.0,0,False,7471148748354145543,False,0,True,Táº¥n Xa NhÃ ,13,7471148771066972944,False,False,nháº¡c ná»n - Táº¥n Xa NhÃ ,False,False,False,False,True,3327,1117,65100,920200,11200,3327,1117,65100,920200,0,11200,0,en,True,68.79,391589,1.0,True,True,True,vie-VN,vi,10,h264,540p,13,,normal,mp4,1024,7471148748354145543,540p,normal,-17.2,0.80353,576,1740273838,,,,True,,,,,True,,,,7440411410133224208,
,120,0,0,0,False,6576098022130925569,False,False,Táº¥n Xa NhÃ ,False,False,0,MS4wLjABAAAAuVGt9PQx5RmDPtEVGkR2Y-vohSXDnNGFNsCqllyCjtxU7-lrr_GhsEDSnzdDjBgf,False,"SÃ¡ng mÃ¬ gÃ³i - Tá»‘i thá»‹t bÃ²
For work: ngoanhtan.contact@gmail.com ğŸ“©",0,ngoanhtan1,False,6478,1000000,422,0,34700000,34700000,544,,False,1739448067,Æ¯á»›c gÃ¬ mÃ¬nh tráº» láº¡i... #tanxanha #ngoanhtan1 #GalaxyCampusFriendsVN #MakeYourVoiceCount #GalaxyAI ,False,10083.0,0,False,7470872540416658696,False,0,True,Táº¥n Xa NhÃ ,102,7470872580192013073,False,False,nháº¡c ná»n - Táº¥n Xa NhÃ ,False,False,False,False,True,66,51,10700,265600,41,66,51,10700,265600,0,41,0,vi,True,71.91,1002507,1.0,True,True,True,vie-VN,vi,10,h264,540p,102,,normal,mp4,1024,7470872540416658696,540p,normal,-16.8,1.0,576,1740273838,,,,True,,,,,True,,,,,
,116,0,0,0,False,6576098022130925569,False,False,Táº¥n Xa NhÃ ,False,False,0,MS4wLjABAAAAuVGt9PQx5RmDPtEVGkR2Y-vohSXDnNGFNsCqllyCjtxU7-lrr_GhsEDSnzdDjBgf,False,"SÃ¡ng mÃ¬ gÃ³i - Tá»‘i thá»‹t bÃ²
For work: ngoanhtan.contact@gmail.com ğŸ“©",0,ngoanhtan1,False,6478,1000000,422,0,34700000,34700000,544,,False,1739187786,Teamwork #tanxanha #ngoanhtan1 #LearnOnTikTok #TikTokGiaiTri ,False,10091.0,0,False,7469754636874960136,False,0,True,Táº¥n Xa NhÃ ,17,7469754692919773968,False,False,nháº¡c ná»n - Táº¥n Xa NhÃ ,False,False,False,False,True,20300,3385,250800,3000000,45000,20277,3385,250800,3000000,0,45000,0,en,True,71.13,437407,1.0,True,True,True,vie-VN,vi,10,h264,540p,17,,normal,mp4,1024,7469754636874960136,540p,normal,-17.4,0.66069,576,1740273838,,,,True,,,,,True,,,,7440411410133224208,
,0,0,0,0,False,6576098022130925569,False,False,Táº¥n Xa NhÃ ,False,False,0,MS4wLjABAAAAuVGt9PQx5RmDPtEVGkR2Y-vohSXDnNGFNsCqllyCjtxU7-lrr_GhsEDSnzdDjBgf,False,"SÃ¡ng mÃ¬ gÃ³i - Tá»‘i thá»‹t bÃ²
For work: ngoanhtan.contact@gmail.com ğŸ“©",0,ngoanhtan1,False,6478,1000000,422,0,34700000,34700000,544,,False,1739098206,ÄÃ£ lÃ m má»‡t mÃ  cÃ²n quáº­y ná»¯a #tanxanha #ngoanhtan1 #LearnOnTikTok #TikTokGiaiTri ,False,,0,False,7469369907306794258,False,0,True,Táº¥n Xa NhÃ ,30,7469370017520438032,False,False,nháº¡c ná»n - Táº¥n Xa NhÃ ,False,False,False,False,True,321,195,8296,183000,795,321,195,8296,183000,0,795,0,vi,True,72.84,846692,,,,,,,,h264,540p,30,,normal,mp4,1024,7469369907306794258,540p,normal,-13.9,0.73282,576,1740273838,,,,True,,,,,True,,,,,
,120,0,0,0,False,6576098022130925569,False,False,Táº¥n Xa NhÃ ,False,False,0,MS4wLjABAAAAuVGt9PQx5RmDPtEVGkR2Y-vohSXDnNGFNsCqllyCjtxU7-lrr_GhsEDSnzdDjBgf,False,"SÃ¡ng mÃ¬ gÃ³i - Tá»‘i thá»‹t bÃ²
For work: ngoanhtan.contact@gmail.com ğŸ“©",0,ngoanhtan1,False,6478,1000000,422,0,34700000,34700000,544,,False,1739012068,ÄÃ³i content #tanxanha #ngoanhtan1 #LearnOnTikTok #TikTokGiaiTri ,False,10075.0,0,False,7468999940916694279,False,0,True,Ha vá»›i cháº£ RÃ­ch,24,7463800410994690832,False,False,nháº¡c ná»n - Ha vá»›i cháº£ RÃ­ch,False,False,False,False,True,657,218,11400,146200,133,657,218,11400,146200,0,133,0,vi,True,58.49,681204,,True,True,,,,,h264,540p,23,,normal,mp4,576,7468999940916694279,540p,normal,-5.7,1.0,768,1740273838,,,,True,,,,,True,3.0,,,,
,113,0,0,0,False,6576098022130925569,False,False,Táº¥n Xa NhÃ ,False,False,0,MS4wLjABAAAAuVGt9PQx5RmDPtEVGkR2Y-vohSXDnNGFNsCqllyCjtxU7-lrr_GhsEDSnzdDjBgf,False,"SÃ¡ng mÃ¬ gÃ³i - Tá»‘i thá»‹t bÃ²
For work: ngoanhtan.contact@gmail.com ğŸ“©",0,ngoanhtan1,False,6478,1000000,422,0,34700000,34700000,544,,False,1738987827,NhÃ  má»›i cho bÃ© #tanxanha #ngoanhtan1 #LearnOnTikTok #TikTokGiaiTri ,False,10019.0,0,False,7468895822151732488,False,0,True,Táº¥n Xa NhÃ ,64,7468895955333466881,False,False,nháº¡c ná»n - Táº¥n Xa NhÃ ,False,False,False,False,True,141,70,2798,68900,31,141,70,2798,68900,0,31,0,vi,True,68.24,1240895,1.0,True,True,True,vie-VN,vi,10,h264,540p,64,,normal,mp4,1024,7468895822151732488,540p,normal,-23.2,0.50699,576,1740273838,,,,True,,,,,True,,,,7448998206288677650,
,104,0,0,0,False,6576098022130925569,False,False,Táº¥n Xa NhÃ ,False,False,0,MS4wLjABAAAAuVGt9PQx5RmDPtEVGkR2Y-vohSXDnNGFNsCqllyCjtxU7-lrr_GhsEDSnzdDjBgf,False,"SÃ¡ng mÃ¬ gÃ³i - Tá»‘i thá»‹t bÃ²
For work: ngoanhtan.contact@gmail.com ğŸ“©",0,ngoanhtan1,False,6478,1000000,422,0,34700000,34700000,544,,False,1738927997,Ngon #tanxanha #ngoanhtan1 #LearnOnTikTok #TikTokGiaiTri ,False,10003.0,0,False,7468638851968388370,False,0,True,Táº¥n Xa NhÃ ,10,7468638887595117313,False,False,nháº¡c ná»n - Táº¥n Xa NhÃ ,False,False,False,False,True,584,204,10500,188800,1511,584,204,10500,188800,0,1511,0,vi,True,71.57,570069,1.0,True,True,True,vie-VN,vi,10,h264,540p,10,,normal,mp4,1024,7468638851968388370,540p,normal,-16.7,0.74131,576,1740273838,,,,True,,,,,True,,,,7440411410133224208,
,105,0,0,0,False,6576098022130925569,False,False,Táº¥n Xa NhÃ ,False,False,0,MS4wLjABAAAAuVGt9PQx5RmDPtEVGkR2Y-vohSXDnNGFNsCqllyCjtxU7-lrr_GhsEDSnzdDjBgf,False,"SÃ¡ng mÃ¬ gÃ³i - Tá»‘i thá»‹t bÃ²
For work: ngoanhtan.contact@gmail.com ğŸ“©",0,ngoanhtan1,False,6478,1000000,422,0,34700000,34700000,544,,False,1738843284,Cháº¯c khÃ´ng pháº£i riÃªng mÃ¬nh #tanxanha #ngoanhtan1 #LearnOnTikTok #TikTokGiaiTri ,False,10014.0,0,False,7468275021039865095,False,0,True,Táº¥n Xa NhÃ ,13,7468275058541136656,False,False,nháº¡c ná»n - Táº¥n Xa NhÃ ,False,False,False,False,True,2152,369,66400,766700,12500,2152,369,66400,766700,0,12500,0,vi,True,72.62,305892,1.0,True,True,True,vie-VN,vi,10,h264,540p,13,,normal,mp4,1024,7468275021039865095,540p,normal,-17.6,0.77625,576,1740273838,,,,True,,,,,True,,,,7440411410133224208,
,120,0,0,0,False,6576098022130925569,False,False,Táº¥n Xa NhÃ ,False,False,0,MS4wLjABAAAAuVGt9PQx5RmDPtEVGkR2Y-vohSXDnNGFNsCqllyCjtxU7-lrr_GhsEDSnzdDjBgf,False,"SÃ¡ng mÃ¬ gÃ³i - Tá»‘i thá»‹t bÃ²
For work: ngoanhtan.contact@gmail.com ğŸ“©",0,ngoanhtan1,False,6478,1000000,422,0,34700000,34700000,544,,False,1738478353,Bá» Ä‘i #tanxanha #ngoanhtan1 #LearnOnTikTok #TikTokGiaiTri ,False,10075.0,0,False,7466707651422932231,False,0,True,Táº¥n Xa NhÃ ,11,7466707675725384449,False,False,nháº¡c ná»n - Táº¥n Xa NhÃ ,False,False,False,False,True,8321,3258,203700,4900000,97900,8321,3258,203700,4900000,0,97900,0,vi,True,70.93,792601,1.0,True,True,True,vie-VN,vi,10,h264,540p,11,,normal,mp4,1024,7466707651422932231,540p,normal,-19.3,0.80353,576,1740273838,,,,True,,,,,True,,,,7440411410133224208,
,119,0,0,0,False,6576098022130925569,False,False,Táº¥n Xa NhÃ ,False,False,0,MS4wLjABAAAAuVGt9PQx5RmDPtEVGkR2Y-vohSXDnNGFNsCqllyCjtxU7-lrr_GhsEDSnzdDjBgf,False,"SÃ¡ng mÃ¬ gÃ³i - Tá»‘i thá»‹t bÃ²
For work: ngoanhtan.contact@gmail.com ğŸ“©",0,ngoanhtan1,False,6478,1000000,422,0,34700000,34700000,544,,False,1738424453,Flop thÃ¬ xoÃ¡ #tanxanha #ngoanhtan1 #LearnOnTikTok #TikTokGiaiTri ,False,10009.0,0,False,7466476156926119175,False,0,True,Táº¥n Xa NhÃ ,56,7466476242087529232,False,False,nháº¡c ná»n - Táº¥n Xa NhÃ ,False,False,False,False,True,125,142,4609,114400,124,125,142,4609,114400,0,124,0,vi,True,66.91,752064,,True,True,,,,,h264,540p,56,,normal,mp4,1024,7466476156926119175,540p,normal,-16.0,0.47863,576,1740273838,,,,True,,,,,True,3.0,,,,
,120,0,0,0,False,6576098022130925569,False,False,Táº¥n Xa NhÃ ,False,False,0,MS4wLjABAAAAuVGt9PQx5RmDPtEVGkR2Y-vohSXDnNGFNsCqllyCjtxU7-lrr_GhsEDSnzdDjBgf,False,"SÃ¡ng mÃ¬ gÃ³i - Tá»‘i thá»‹t bÃ²
For work: ngoanhtan.contact@gmail.com ğŸ“©",0,ngoanhtan1,False,6478,1000000,422,0,34700000,34700000,544,,False,1738388010,Táº¯t lá»­a luÃ´n #tanxanha #ngoanhtan1 #LearnOnTikTok #TikTokGiaiTri ,False,10075.0,0,False,7466319617254886674,False,0,True,Táº¥n Xa NhÃ ,8,7466319653108075281,False,False,nháº¡c ná»n - Táº¥n Xa NhÃ ,False,False,False,False,True,11300,6040,234600,3900000,205000,11294,6040,234600,3900000,0,205000,0,vi,True,71.48,742481,1.0,True,True,True,vie-VN,vi,10,h264,540p,8,,normal,mp4,1024,7466319617254886674,540p,normal,-19.4,0.76736,576,1740273838,,,,True,,,,,True,,,,7440411410133224208,
,104,0,0,0,False,6576098022130925569,False,False,Táº¥n Xa NhÃ ,False,False,0,MS4wLjABAAAAuVGt9PQx5RmDPtEVGkR2Y-vohSXDnNGFNsCqllyCjtxU7-lrr_GhsEDSnzdDjBgf,False,"SÃ¡ng mÃ¬ gÃ³i - Tá»‘i thá»‹t bÃ²
For work: ngoanhtan.contact@gmail.com ğŸ“©",0,ngoanhtan1,False,6478,1000000,422,0,34700000,34700000,544,,False,1738293456,VÃ´ thÆ°á»ng quÃ¡ #tanxanha #ngoanhtan1 #LearnOnTikTok #TikTokGiaiTri ,False,10003.0,0,False,7465913521126083858,False,0,True,Táº¥n Xa NhÃ ,12,7465913566618077968,False,False,nháº¡c ná»n - Táº¥n Xa NhÃ ,False,False,False,False,True,8091,1333,147800,2600000,24600,8091,1333,147800,2600000,0,24600,0,vi,True,70.77,426246,1.0,True,True,True,vie-VN,vi,10,h264,540p,12,,normal,mp4,1024,7465913521126083858,540p,normal,-16.6,0.81283,576,1740273838,,,,True,,,,,True,,,,7440411410133224208,
,104,0,0,0,False,6576098022130925569,False,False,Táº¥n Xa NhÃ ,False,False,0,MS4wLjABAAAAuVGt9PQx5RmDPtEVGkR2Y-vohSXDnNGFNsCqllyCjtxU7-lrr_GhsEDSnzdDjBgf,False,"SÃ¡ng mÃ¬ gÃ³i - Tá»‘i thá»‹t bÃ²
For work: ngoanhtan.contact@gmail.com ğŸ“©",0,ngoanhtan1,False,6478,1000000,422,0,34700000,34700000,544,,False,1738241375,Máº¥t Táº¿t #tanxanha #ngoanhtan1 #LearnOnTikTok #TikTokGiaiTri ,False,10003.0,0,False,7465689844451118344,False,0,True,Táº¥n Xa NhÃ ,10,7465689862918785809,False,False,nháº¡c ná»n - Táº¥n Xa NhÃ ,False,False,False,False,True,3691,807,89400,1600000,14200,3691,807,89400,1600000,0,14200,0,vi,True,70.12,561862,1.0,True,True,True,vie-VN,vi,10,h264,540p,10,,normal,mp4,1024,7465689844451118344,540p,normal,-16.7,0.85114,576,1740273838,,,,True,,,,,True,,,,7440411410133224208,
,120,0,0,0,False,6576098022130925569,False,False,Táº¥n Xa NhÃ ,False,False,0,MS4wLjABAAAAuVGt9PQx5RmDPtEVGkR2Y-vohSXDnNGFNsCqllyCjtxU7-lrr_GhsEDSnzdDjBgf,False,"SÃ¡ng mÃ¬ gÃ³i - Tá»‘i thá»‹t bÃ²
For work: ngoanhtan.contact@gmail.com ğŸ“©",0,ngoanhtan1,False,6478,1000000,422,0,34700000,34700000,544,,False,1738064969,QuÃ¡ há»£p lÃ½ #tanxanha #ngoanhtan1 #LearnOnTikTok #TikTokGiaiTri ,False,10075.0,0,False,7464932183036185863,False,0,True,Táº¥n Xa NhÃ ,7,7464932208866528016,False,False,nháº¡c ná»n - Táº¥n Xa NhÃ ,False,False,False,False,True,30800,14600,679200,9500000,342900,30786,14600,679200,9500000,0,342900,0,vi,True,70.38,907829,1.0,True,True,True,vie-VN,vi,10,h264,540p,7,,normal,mp4,1024,7464932183036185863,540p,normal,-15.5,0.76736,576,1740273838,,,,True,,,,,True,,,,7440411410133224208,
,120,0,0,0,False,6576098022130925569,False,False,Táº¥n Xa NhÃ ,False,False,0,MS4wLjABAAAAuVGt9PQx5RmDPtEVGkR2Y-vohSXDnNGFNsCqllyCjtxU7-lrr_GhsEDSnzdDjBgf,False,"SÃ¡ng mÃ¬ gÃ³i - Tá»‘i thá»‹t bÃ²
For work: ngoanhtan.contact@gmail.com ğŸ“©",0,ngoanhtan1,False,6478,1000000,422,0,34700000,34700000,544,,False,1738042080,TrÃ  Vinh thÃ¢n yÃªu #tanxanha #ngoanhtan1 #LearnOnTikTok #TikTokGiaiTri ,False,10075.0,0,False,7464833863978716423,False,0,True,Táº¥n Xa NhÃ ,9,7464833899298835201,False,False,nháº¡c ná»n - Táº¥n Xa NhÃ ,False,False,False,False,True,4191,991,106100,1500000,14000,4191,991,106100,1500000,0,14000,0,vi,True,69.18,861491,1.0,True,True,True,vie-VN,vi,10,h264,540p,9,,normal,mp4,1024,7464833863978716423,540p,normal,-15.3,0.74131,576,1740273838,,,,True,,,,,True,,,,7440411410133224208,
,104,0,0,0,False,6576098022130925569,False,False,Táº¥n Xa NhÃ ,False,False,0,MS4wLjABAAAAuVGt9PQx5RmDPtEVGkR2Y-vohSXDnNGFNsCqllyCjtxU7-lrr_GhsEDSnzdDjBgf,False,"SÃ¡ng mÃ¬ gÃ³i - Tá»‘i thá»‹t bÃ²
For work: ngoanhtan.contact@gmail.com ğŸ“©",0,ngoanhtan1,False,6478,1000000,422,0,34700000,34700000,544,,False,1737979904,NÄƒm nÃ o cÅ©ng váº­y #tanxanha #ngoanhtan1 #LearnOnTikTok #TikTokGiaiTri ,False,10003.0,0,False,7464566831420869895,False,0,True,Táº¥n Xa NhÃ ,10,7464566861918571281,False,False,nháº¡c ná»n - Táº¥n Xa NhÃ ,False,False,False,False,True,9128,1136,175300,2600000,36200,9128,1136,175300,2600000,0,36200,0,vi,True,69.86,870044,1.0,True,True,True,vie-VN,vi,10,h264,540p,10,,normal,mp4,1024,7464566831420869895,540p,normal,-16.2,0.75858,576,1740273838,,,,True,,,,,True,,,,7440411410133224208,
,104,0,0,0,False,6576098022130925569,False,False,Táº¥n Xa NhÃ ,False,False,0,MS4wLjABAAAAuVGt9PQx5RmDPtEVGkR2Y-vohSXDnNGFNsCqllyCjtxU7-lrr_GhsEDSnzdDjBgf,False,"SÃ¡ng mÃ¬ gÃ³i - Tá»‘i thá»‹t bÃ²
For work: ngoanhtan.contact@gmail.com ğŸ“©",0,ngoanhtan1,False,6478,1000000,422,0,34700000,34700000,544,,False,1737892866,Láº§n nÃ o cÅ©ng váº­y #tanxanha #ngoanhtan1 #LearnOnTikTok #TikTokGiaiTri ,False,10003.0,0,False,7464193004044143879,False,0,True,Táº¥n Xa NhÃ ,9,7464193032196721425,False,False,nháº¡c ná»n - Táº¥n Xa NhÃ ,False,False,False,False,True,12000,4151,270400,4000000,74000,12046,4151,270400,4000000,0,74000,0,vi,True,70.7,590066,1.0,True,True,True,vie-VN,vi,10,h264,540p,9,,normal,mp4,1024,7464193004044143879,540p,normal,-16.2,0.93325,576,1740273838,,,,True,,,,,True,,,,7440411410133224208,
,104,0,0,0,False,6576098022130925569,False,False,Táº¥n Xa NhÃ ,False,False,0,MS4wLjABAAAAuVGt9PQx5RmDPtEVGkR2Y-vohSXDnNGFNsCqllyCjtxU7-lrr_GhsEDSnzdDjBgf,False,"SÃ¡ng mÃ¬ gÃ³i - Tá»‘i thá»‹t bÃ²
For work: ngoanhtan.contact@gmail.com ğŸ“©",0,ngoanhtan1,False,6478,1000000,422,0,34700000,34700000,544,,False,1737721612,Hay váº­y quÃ¡ #tanxanha #ngoanhtan1 #LearnOnTikTok #TikTokGiaiTri ,False,10003.0,0,False,7463457471890345223,False,0,True,Táº¥n Xa NhÃ ,17,7463457523267193601,False,False,nháº¡c ná»n - Táº¥n Xa NhÃ ,False,False,False,False,True,34500,9304,546100,8000000,1400000,34525,9304,546100,8000000,0,1400000,0,vi,True,70.64,616219,1.0,True,True,True,vie-VN,vi,10,h264,540p,17,,normal,mp4,1024,7463457471890345223,540p,normal,-17.7,0.78524,576,1740273838,,,,True,,,,,True,,,,7440411410133224208,
,102,0,3,3,False,7216659399501956123,False,False,tomskincare,False,False,0,MS4wLjABAAAAwak7b2LCWnn3J1wIJ_ZHXt6_VuNl0QCcfw5Bp1zVNoH6cPyPVZa-nZx7IS7D4Ffa,False,"8 nÄƒm kn
- LIVE tÆ° váº¥n da: tá»‘i T3,T5
- Lá»›p há»c skincare báº¯t Ä‘áº§u 17/3/25
Ä.kyâ¬‡ï¸",3,tomskincare,False,3105,569700,185,0,7100000,7100000,260,,False,1740128861,Kem dÆ°á»¡ng da giÃ¡ ráº» mÃ  tá»‘t!!! PhÃ¹ há»£p da máº¥t nÆ°á»›c vÃ  loáº¡i da khÃ´. PhÃ¹ há»£p vá»›i da cÃ³ hÃ ng rÃ o báº£o vá»‡ bá»‹ tá»•n thÆ°Æ¡ng. Tom sáº½ lÃªn top dÆ°á»¡ng cho da dáº§u mÃ  bá»‹ nháº¡y cáº£m sau nhe mn! ğŸ˜ğŸ˜ğŸ˜ #tomskincare #skincaretips #goclamdep #skintok #beautytok ,False,10026.0,0,False,7473796525890473223,False,0,True,tomskincare,197,7473796968872659713,False,False,nháº¡c ná»n - tomskincare,False,False,False,False,True,653,146,2577,85700,57,653,146,2577,85700,0,57,0,vi,True,74.67,715662,1.0,True,True,True,vie-VN,vi,10,h264,540p,197,,normal,mp4,1024,7473796525890473223,540p,normal,-10.1,1.0,576,1740273842,,,,,,,,,,,,,7289672311903800065,
,102,0,3,3,False,7216659399501956123,False,False,tomskincare,False,False,0,MS4wLjABAAAAwak7b2LCWnn3J1wIJ_ZHXt6_VuNl0QCcfw5Bp1zVNoH6cPyPVZa-nZx7IS7D4Ffa,False,"8 nÄƒm kn
- LIVE tÆ° váº¥n da: tá»‘i T3,T5
- Lá»›p há»c skincare báº¯t Ä‘áº§u 17/3/25
Ä.kyâ¬‡ï¸",3,tomskincare,False,3105,569700,185,0,7100000,7100000,260,,False,1739956083,"5 bÆ°á»›c trá»‹ má»¥n áº©n táº¡i nhÃ ... Má»¥n áº©n, má»¥n sáº§n li ti, texture da luÃ´n lÃ  váº¥n Ä‘á» nan giáº£i nháº¥t lÃ  Ä‘á»‘i vá»›i da dáº§u trong Ä‘iá»u kiá»‡n thá»i tiáº¿t hanh khÃ´ láº¡i gáº·p tÃ¬nh tráº¡ng máº¥t nÆ°á»›c! Ná»n da nhat cáº£m láº¡i cÃ ng khÃ³! Hy vá»ng vá»›i video vÃ  kinh nghiá»‡m tá»± trá»‹ má»¥n áº©n cá»§a Tom sáº½ giÃºp má»i ngÆ°á»i kháº¯c phá»¥c má»™t pháº§n vÃ  cÃ³ lÃ n da Ä‘áº¹p hÆ¡n!!!  #tomskincare #skincaretips #goclamdep #skintok #beautytok ",False,10026.0,0,False,7473054454602927367,False,0,True,tomskincare,412,7473055347013880577,False,False,nháº¡c ná»n - tomskincare,False,False,False,False,True,13000,628,35200,537000,1494,12974,628,35200,537000,0,1494,0,vi,True,66.96,640677,1.0,True,True,True,vie-VN,vi,10,h264,540p,412,,normal,mp4,1024,7473054454602927367,540p,normal,-27.2,1.0,576,1740273842,,,,,,,,,,,,,7345318754479246087,
,102,0,3,3,False,7216659399501956123,False,False,tomskincare,False,False,0,MS4wLjABAAAAwak7b2LCWnn3J1wIJ_ZHXt6_VuNl0QCcfw5Bp1zVNoH6cPyPVZa-nZx7IS7D4Ffa,False,"8 nÄƒm kn
- LIVE tÆ° váº¥n da: tá»‘i T3,T5
- Lá»›p há»c skincare báº¯t Ä‘áº§u 17/3/25
Ä.kyâ¬‡ï¸",3,tomskincare,False,3105,569700,185,0,7100000,7100000,260,,False,1738581928,,False,10026.0,0,False,7467152506276121864,False,0,True,tomskincare,221,7467152818643061521,False,False,original sound - tomskincare,False,False,False,False,True,12300,1283,71500,962800,1962,12333,1283,71500,962800,0,1962,0,un,False,70.73,879337,1.0,True,True,True,vie-VN,vi,10,h264,540p,221,,normal,mp4,1024,7467152506276121864,540p,normal,-29.2,0.51286,576,1740273842,,,,,,,,,,,,,7338054480883206919,
,104,0,0,0,False,6666798507570184193,False,False,Tráº§n Thá»‹ BÃ© XÃ­u,False,False,0,MS4wLjABAAAAI96BxWk7-eQJ3f-C0ZzuxCHqYZs4GOcXETxV_Jrs33iqrToGdHpXa5fjSwoY7qGw,False,"Gmail: thietyen96@gmail.com
Fb: Thiáº¿t Yáº¿n ( Tráº§n Thá»‹ BÃ© XÃ­u )",0,tranthibexiu,False,11700,1100000,81,0,18200000,18200000,114,,False,1739621240,Sá»± khÃ¡c nhau khi á»Ÿ nhÃ  vÃ  qua nhÃ  ngÆ°á»i yÃªu ! ğŸ¤­  #xh #viral #tranthibexiu #ThietYenQueOBacLieu #saothaiduong #myphamthaiduong #kemnghethaiduong ,False,10000.0,0,False,7471616311605382418,False,0,True,Tráº§n Thá»‹ BÃ© XÃ­u,62,7471616353961134849,False,False,nháº¡c ná»n - Tráº§n Thá»‹ BÃ© XÃ­u,False,False,False,False,True,403,116,4274,179400,169,403,116,4274,179400,0,169,0,vi,True,68.83,1946826,1.0,True,True,True,vie-VN,vi,10,h264,540p,62,,normal,mp4,1024,7471616311605382418,540p,normal,-12.5,0.53088,576,1740273843,,True,,True,True,True,True,True,True,,,,,
,111,0,0,0,False,6666798507570184193,False,False,Tráº§n Thá»‹ BÃ© XÃ­u,False,False,0,MS4wLjABAAAAI96BxWk7-eQJ3f-C0ZzuxCHqYZs4GOcXETxV_Jrs33iqrToGdHpXa5fjSwoY7qGw,False,"Gmail: thietyen96@gmail.com
Fb: Thiáº¿t Yáº¿n ( Tráº§n Thá»‹ BÃ© XÃ­u )",0,tranthibexiu,False,11700,1100000,81,0,18200000,18200000,114,,False,1737723511,TÃ¬nh Ngoáº¡i Bao La nhÆ° Biá»ƒn VÅ©ng TÃ u BÃ£i Sau ğŸ¤­ğŸ¤­ğŸ¤­ #xh #viral #tranthibexiu #nuocmam #namngu #namngucocao #monngam,False,10040.0,0,False,7463465627060047122,False,0,True,Tráº§n Thá»‹ BÃ© XÃ­u,134,7463465669720279825,False,False,nháº¡c ná»n - Tráº§n Thá»‹ BÃ© XÃ­u,False,False,False,False,True,969,140,12500,380000,143,969,140,12500,380000,0,143,0,vi,True,67.72,1848527,1.0,True,True,True,vie-VN,vi,10,h264,540p,134,,normal,mp4,1024,7463465627060047122,540p,normal,-12.3,0.54325,576,1740273843,,,,True,,,,,True,,,,,
,110,0,0,0,False,7137533219671327771,False,False,TuÃ¢n má»›i láº¥y vá»£,False,False,0,MS4wLjABAAAAE7d41qCuU3mC83oAakKseKTHl3RJa3MMarr_18FNPZnP3GKunxBMIdEIWJrF5HOh,False,á» Ä‘Ã¢y cÃ³ cÆ¡m trÃ³,0,tunaleeriu,False,693,588100,9,0,7300000,7300000,96,,False,1739965970,"Láº§n Ä‘áº§u cosplay, Ä‘á»‘ ai biáº¿t nhÃ¢n váº­t nÃ o :3 #tunalee ",False,10071.0,0,False,7473096915228347656,False,0,True,ğŸ¶ HD MUSIC âœˆ,50,7298317726371285762,False,False,nháº¡c ná»n - ğŸ¶ HD MUSIC âœˆ,False,False,False,False,True,58,50,827,14100,15,58,50,827,14100,0,15,0,vi,True,63.82,733716,,True,False,,,,,h264,540p,35,,normal,mp4,1024,7473096915228347656,540p,normal,-13.1,0.56885,576,1740273840,,,,,,,,,,3.0,,,,
,101,0,0,0,False,7137533219671327771,False,False,TuÃ¢n má»›i láº¥y vá»£,False,False,0,MS4wLjABAAAAE7d41qCuU3mC83oAakKseKTHl3RJa3MMarr_18FNPZnP3GKunxBMIdEIWJrF5HOh,False,á» Ä‘Ã¢y cÃ³ cÆ¡m trÃ³,0,tunaleeriu,False,693,588100,9,0,7300000,7300000,96,,False,1739765724,"Cá»‘ nhÃªn cá»‘ nhÃªn, sáº¯p tá»›i rá»“i sáº¯p tá»›i rá»“i ğŸ¥¹ #nhacche #tunalee #xuyenkhong ",False,10046.0,0,False,7472236860417330439,False,0,True,TuÃ¢n má»›i láº¥y vá»£,59,7472236985781078801,False,False,nháº¡c ná»n - TuÃ¢n má»›i láº¥y vá»£,False,False,False,False,True,93,38,855,10500,39,93,38,855,10500,0,39,0,vi,True,67.04,628569,1.0,True,True,True,vie-VN,vi,10,h264,540p,59,,normal,mp4,1024,7472236860417330439,540p,normal,-11.0,1.0,576,1740273840,,,,,,,,,,,,,,
,120,0,0,0,False,7137533219671327771,False,False,TuÃ¢n má»›i láº¥y vá»£,False,False,0,MS4wLjABAAAAE7d41qCuU3mC83oAakKseKTHl3RJa3MMarr_18FNPZnP3GKunxBMIdEIWJrF5HOh,False,á» Ä‘Ã¢y cÃ³ cÆ¡m trÃ³,0,tunaleeriu,False,693,588100,9,0,7300000,7300000,96,,False,1738046457,Gá»­i ai Ä‘Ã³â€¦ qua Táº¿t Ä‘á»«ng cÃ³ tÃ¬m gáº·p tÃ´i ğŸ˜ #tunalee #tet2025â™¥ #shipper ,False,10075.0,0,False,7464852669556083986,False,0,True,TuÃ¢n má»›i láº¥y vá»£,41,7464852701378038529,True,False,nháº¡c ná»n - TuÃ¢n má»›i láº¥y vá»£,False,False,False,False,True,843,233,8678,137600,115,843,233,8678,137600,0,115,0,vi,True,67.79,810574,,True,True,,,,,h264,540p,41,,normal,mp4,1024,7464852669556083986,540p,normal,-12.2,0.93325,576,1740273840,,,,,,,,,,3.0,,,7219851582358653723,
,101,0,0,0,False,6555622878946590721,False,False,VÃµ Táº¥n PhÃ¡t,False,False,0,MS4wLjABAAAA2sDYMLT5JfY37qtTgJ5vXKrolEvFA81pfDepqLSpfS9jJz9L6eIvJKHCIw6Vjzj9,False,KÃªnh TikTok chÃ­nh thá»©c cá»§a VÃµ Táº¥n PhÃ¡t,0,votanphat11117,True,5202,892100,262,0,24300000,24300000,664,,False,1740224564,Tá»• Äá»™i chÃºng mÃ¬nh #leduongbaolam #songluan #lehuynhthuyngan #uyenan #votanphat #quanghungmasterd #todoi102 ,False,10088.0,0,False,7474207573411958034,False,0,True,iBe Viet & BMZ & Ca Ca,60,7273047603783337985,True,False,TÃ¬nh Báº¡n Äáº¹p Nháº¥t - TikTok Remix,False,False,False,False,True,678,153,13300,181000,183,678,153,13300,181000,0,183,0,vi,True,65.57,1109189,1.0,True,True,True,vie-VN,vi,10,h264,540p,49,,normal,mp4,1024,7474207573411958034,540p,normal,-16.4,0.54325,576,1740273835,,,,,,,,,,,TÃ¬nh Báº¡n Äáº¹p Nháº¥t (TikTok Remix),,,
,104,0,0,0,False,6555622878946590721,False,False,VÃµ Táº¥n PhÃ¡t,False,False,0,MS4wLjABAAAA2sDYMLT5JfY37qtTgJ5vXKrolEvFA81pfDepqLSpfS9jJz9L6eIvJKHCIw6Vjzj9,False,KÃªnh TikTok chÃ­nh thá»©c cá»§a VÃµ Táº¥n PhÃ¡t,0,votanphat11117,True,5202,892100,262,0,24300000,24300000,664,,False,1740049734,"CÃ¡i nÃ o ra cÃ¡i Ä‘Ã³, a ko cÃ³ thÃ­ch nÃ³i suÃ´ng @Ma Ran ÄÃ´  #votanphat #marando #nuhonbacty ",False,10000.0,0,False,7473456683130359047,False,0,True,VÃµ Táº¥n PhÃ¡t,96,7473456895496325905,False,False,nháº¡c ná»n - VÃµ Táº¥n PhÃ¡t,False,False,False,False,True,9965,4429,482700,7300000,34800,9965,4429,482700,7300000,0,34800,0,vi,True,69.16,1043478,1.0,True,True,True,vie-VN,vi,10,h264,540p,96,,normal,mp4,1024,7473456683130359047,540p,normal,-18.4,0.80353,576,1740273835,,,,,,,,,,,,,,
,104,0,0,0,False,6555622878946590721,False,False,VÃµ Táº¥n PhÃ¡t,False,False,0,MS4wLjABAAAA2sDYMLT5JfY37qtTgJ5vXKrolEvFA81pfDepqLSpfS9jJz9L6eIvJKHCIw6Vjzj9,False,KÃªnh TikTok chÃ­nh thá»©c cá»§a VÃµ Táº¥n PhÃ¡t,0,votanphat11117,True,5202,892100,262,0,24300000,24300000,664,,False,1739887731,BÃ¡c nÃ³i chá»‰ cÃ³ chuáº©n ğŸ¤£ #leduongbaolam #songluan #uyenan #votanphat #lehuynhthuyngan #todoi102 ,False,10003.0,0,False,7472760887263104263,False,0,True,VÃµ Táº¥n PhÃ¡t,23,7472760908555012865,False,False,nháº¡c ná»n - VÃµ Táº¥n PhÃ¡t,False,False,False,False,True,333,234,19200,656100,202,333,234,19200,656100,0,202,0,vi,True,48.22,818029,1.0,True,True,True,vie-VN,vi,10,h264,540p,23,,normal,mp4,1024,7472760887263104263,540p,normal,-13.5,0.95499,576,1740273835,,,,,,,,,,,,,,
,101,0,0,0,False,6555622878946590721,False,False,VÃµ Táº¥n PhÃ¡t,False,False,0,MS4wLjABAAAA2sDYMLT5JfY37qtTgJ5vXKrolEvFA81pfDepqLSpfS9jJz9L6eIvJKHCIw6Vjzj9,False,KÃªnh TikTok chÃ­nh thá»©c cá»§a VÃµ Táº¥n PhÃ¡t,0,votanphat11117,True,5202,892100,262,0,24300000,24300000,664,,False,1739792322,Noáº¹t pÃ´ gÃ¬ chÆ°a ngÆ°á»i Ä‘áº¹p  #CapCut #songluan #votanphat #todoi102 ,False,10088.0,0,False,7472351112390085895,False,0,True,chá»“ngyÃªu,20,7446323097307384577,True,False,nháº¡c ná»n - chá»“ngyÃªu,False,False,False,False,True,1289,364,47900,773700,1136,1289,364,47900,773700,0,1136,0,vi,True,56.69,1286728,,True,True,,,,,h264,540p,20,,normal,mp4,1024,7472351112390085895,540p,normal,-6.4,1.0,576,1740273835,,,,,,,,,,3.0,,,,
,101,0,0,0,False,6555622878946590721,False,False,VÃµ Táº¥n PhÃ¡t,False,False,0,MS4wLjABAAAA2sDYMLT5JfY37qtTgJ5vXKrolEvFA81pfDepqLSpfS9jJz9L6eIvJKHCIw6Vjzj9,False,KÃªnh TikTok chÃ­nh thá»©c cá»§a VÃµ Táº¥n PhÃ¡t,0,votanphat11117,True,5202,892100,262,0,24300000,24300000,664,,False,1739765191,CÃ¡c báº£o bá»‘i tháº¥y nÃ©t hÃ i Ä‘iá»‡n áº£nh bao vá» chÆ°a #leduongbaolam #songluan #lehuynhthuyngan #quanghungmasterd #votanphat #uyenan #todoi102 ,False,10088.0,0,False,7472234571682073874,False,0,True,VÃµ Táº¥n PhÃ¡t,186,7472234905553177361,False,False,nháº¡c ná»n - VÃµ Táº¥n PhÃ¡t,False,False,False,False,True,191,189,7472,261500,107,191,189,7472,261500,0,107,0,vi,True,57.31,1113656,1.0,True,True,True,vie-VN,vi,10,h264,540p,186,,normal,mp4,1024,7472234571682073874,540p,normal,-12.9,0.75858,576,1740273835,,,,,,,,,,,,,,
,101,0,0,0,False,6555622878946590721,False,False,VÃµ Táº¥n PhÃ¡t,False,False,0,MS4wLjABAAAA2sDYMLT5JfY37qtTgJ5vXKrolEvFA81pfDepqLSpfS9jJz9L6eIvJKHCIw6Vjzj9,False,KÃªnh TikTok chÃ­nh thá»©c cá»§a VÃµ Táº¥n PhÃ¡t,0,votanphat11117,True,5202,892100,262,0,24300000,24300000,664,,False,1739708005,Khi Lee Jun Jae - Lee Byung Hun - Lee Min Ho chung 1 khung hÃ¬nh #leduongbaolam #songluan #votanphat ,False,10088.0,0,False,7471988973015944456,False,0,True,VÃµ Táº¥n PhÃ¡t,31,7471989054234430209,False,False,nháº¡c ná»n - VÃµ Táº¥n PhÃ¡t,False,False,False,False,True,511,1492,29200,570500,5559,511,1492,29200,570500,0,5559,0,vi,True,64.68,3488555,1.0,True,True,True,cmn-Hans-CN,zh-Hans,1,h264,540p,31,,normal,mp4,1024,7471988973015944456,540p,normal,-14.1,1.0,576,1740273835,,,,,,,,,,,,,,
,119,0,0,0,False,6555622878946590721,False,False,VÃµ Táº¥n PhÃ¡t,False,False,0,MS4wLjABAAAA2sDYMLT5JfY37qtTgJ5vXKrolEvFA81pfDepqLSpfS9jJz9L6eIvJKHCIw6Vjzj9,False,KÃªnh TikTok chÃ­nh thá»©c cá»§a VÃµ Táº¥n PhÃ¡t,0,votanphat11117,True,5202,892100,262,0,24300000,24300000,664,,False,1739624501,HÃ¹ng Huá»³nh pháº£i gá»i báº±ng miá»‡ng ğŸ˜Œ#votanphat #hunghuynh ,False,10080.0,0,False,7471630315778346247,False,0,True,VÃµ Táº¥n PhÃ¡t,30,7471630518447262480,False,False,nháº¡c ná»n - VÃµ Táº¥n PhÃ¡t,False,False,False,False,True,6953,4010,225600,3100000,19200,6953,4010,225600,3100000,0,19200,0,vi,True,69.12,786915,,True,True,,,,,h264,540p,30,,normal,mp4,1024,7471630315778346247,540p,normal,-12.2,1.0,576,1740273835,,,,,,,,,,3.0,,,,
,105,0,0,0,False,6555622878946590721,False,False,VÃµ Táº¥n PhÃ¡t,False,False,0,MS4wLjABAAAA2sDYMLT5JfY37qtTgJ5vXKrolEvFA81pfDepqLSpfS9jJz9L6eIvJKHCIw6Vjzj9,False,KÃªnh TikTok chÃ­nh thá»©c cá»§a VÃµ Táº¥n PhÃ¡t,0,votanphat11117,True,5202,892100,262,0,24300000,24300000,664,,False,1739510957,Valentine nÄƒm nay dÃ nh cho cÃ¡c Báº£o bá»‘i hiáº¿u há»c. NÄƒm thá»© 4 â€œMáº§m Xanhâ€ Ä‘Æ°á»£c Ä‘á»“ng hÃ nh cÃ¹ng cÃ¡c em â¤ï¸ #votanphat ,False,10014.0,0,False,7471142643909545224,False,0,True,VÃµ Táº¥n PhÃ¡t,148,7471142729641118481,False,False,nháº¡c ná»n - VÃµ Táº¥n PhÃ¡t,False,False,False,False,True,67,107,4101,170800,161,67,107,4101,170800,0,161,0,vi,True,67.26,1277183,1.0,True,True,True,vie-VN,vi,10,h264,540p,148,,normal,mp4,1024,7471142643909545224,540p,normal,-6.9,1.0,576,1740273835,,,,,,,,,,,,,,
,101,0,0,0,False,6555622878946590721,False,False,VÃµ Táº¥n PhÃ¡t,False,False,0,MS4wLjABAAAA2sDYMLT5JfY37qtTgJ5vXKrolEvFA81pfDepqLSpfS9jJz9L6eIvJKHCIw6Vjzj9,False,KÃªnh TikTok chÃ­nh thá»©c cá»§a VÃµ Táº¥n PhÃ¡t,0,votanphat11117,True,5202,892100,262,0,24300000,24300000,664,,False,1739447849,Trung bÃ¬nh cá»§a nhÃºm báº¡n thÃ¢n ğŸ™#leduongbaolam #lehuynhthuyngan #songluan #votanphat #quanghungmasterd #uyenan #todoi102 ,False,10088.0,0,False,7470871606823505160,False,0,True,VÃµ Táº¥n PhÃ¡t,39,7470871671126182672,False,False,nháº¡c ná»n - VÃµ Táº¥n PhÃ¡t,False,False,False,False,True,2002,617,39100,578900,3280,2002,617,39100,578900,0,3280,0,vi,True,57.21,1281963,,True,True,,,,,h264,540p,39,,normal,mp4,1024,7470871606823505160,540p,normal,-11.8,0.77625,576,1740273835,,,,,,,,,,3.0,,,,
,101,0,0,0,False,6555622878946590721,False,False,VÃµ Táº¥n PhÃ¡t,False,False,0,MS4wLjABAAAA2sDYMLT5JfY37qtTgJ5vXKrolEvFA81pfDepqLSpfS9jJz9L6eIvJKHCIw6Vjzj9,False,KÃªnh TikTok chÃ­nh thá»©c cá»§a VÃµ Táº¥n PhÃ¡t,0,votanphat11117,True,5202,892100,262,0,24300000,24300000,664,,False,1739362375,â€œSá»§ng Nhi vÃ  Liá»‡t Na háº¹n gáº·p cÃ¡c Báº£o bá»‘i nhaâ€ #votanphat #hunghuynh #varna ,False,10088.0,0,False,7470504501070384402,False,0,True,VÃµ Táº¥n PhÃ¡t,117,7470504840003668752,False,False,nháº¡c ná»n - VÃµ Táº¥n PhÃ¡t,False,False,False,False,True,75,179,3345,152700,192,75,179,3345,152700,0,192,0,vi,True,75.66,812782,1.0,True,True,True,vie-VN,vi,10,h264,540p,117,,normal,mp4,1024,7470504501070384402,540p,normal,-13.2,1.0,576,1740273835,,,,,,,,,,,,,,
,101,0,0,0,False,6555622878946590721,False,False,VÃµ Táº¥n PhÃ¡t,False,False,0,MS4wLjABAAAA2sDYMLT5JfY37qtTgJ5vXKrolEvFA81pfDepqLSpfS9jJz9L6eIvJKHCIw6Vjzj9,False,KÃªnh TikTok chÃ­nh thá»©c cá»§a VÃµ Táº¥n PhÃ¡t,0,votanphat11117,True,5202,892100,262,0,24300000,24300000,664,,False,1739274928,CÃ´ng = mÃ  nÃ³i thÃ¬ ai Ä‘áº¹p hÆ¡n ???#votanphat #songluan #xuhuongtiktok #tiktokgiaitri ,False,10088.0,0,False,7470128918503247111,False,0,True,VÃµ Táº¥n PhÃ¡t,144,7470129227615357697,False,False,nháº¡c ná»n - VÃµ Táº¥n PhÃ¡t,False,False,False,False,True,162,146,6588,219500,97,162,146,6588,219500,0,97,0,vi,True,68.82,1064725,1.0,True,True,True,vie-VN,vi,10,h264,540p,144,,normal,mp4,1024,7470128918503247111,540p,normal,-12.0,0.80353,576,1740273835,,,,,,,,,,,,,,
,0,0,0,0,False,6555622878946590721,False,False,VÃµ Táº¥n PhÃ¡t,False,False,0,MS4wLjABAAAA2sDYMLT5JfY37qtTgJ5vXKrolEvFA81pfDepqLSpfS9jJz9L6eIvJKHCIw6Vjzj9,False,KÃªnh TikTok chÃ­nh thá»©c cá»§a VÃµ Táº¥n PhÃ¡t,0,votanphat11117,True,5202,892100,262,0,24300000,24300000,664,,False,1739188632,Em khÃ´ng cÃ³ Æ°á»›c mÆ¡ háº£ Báº£o Bá»‘i ğŸ«µğŸ» #votanphat #xuhuongtiktok #tiktokgiaitri ,False,,0,False,7469758268471119112,False,0,True,VÃµ Táº¥n PhÃ¡t,72,7469758456430840577,True,False,nháº¡c ná»n - VÃµ Táº¥n PhÃ¡t,False,False,False,False,True,6053,10600,269100,3200000,92000,6053,10600,269100,3200000,0,92000,0,vi,True,63.19,715772,1.0,True,True,True,vie-VN,vi,10,h264,540p,72,,normal,mp4,1024,7469758268471119112,540p,normal,-14.6,0.88105,576,1740273835,,,,,,,,,,,,,,
,104,0,0,0,False,6555622878946590721,False,False,VÃµ Táº¥n PhÃ¡t,False,False,0,MS4wLjABAAAA2sDYMLT5JfY37qtTgJ5vXKrolEvFA81pfDepqLSpfS9jJz9L6eIvJKHCIw6Vjzj9,False,KÃªnh TikTok chÃ­nh thá»©c cá»§a VÃµ Táº¥n PhÃ¡t,0,votanphat11117,True,5202,892100,262,0,24300000,24300000,664,,False,1739164230,Ai cÆ°á»i thÃ¬ ko pháº£i Báº£o bá»‘i chÃ¢n chÃ­nh ğŸ«µğŸ»ğŸ¥² #votanphat #,False,10003.0,0,False,7469653464780475655,False,0,True,VÃµ Táº¥n PhÃ¡t,30,7469653515430791953,True,False,nháº¡c ná»n - VÃµ Táº¥n PhÃ¡t,False,False,False,False,True,155,262,14100,329900,446,155,262,14100,329900,0,446,0,vi,True,51.64,623362,1.0,True,True,True,vie-VN,vi,10,h264,540p,30,,normal,mp4,1024,7469653464780475655,540p,normal,-10.3,0.91201,576,1740273835,,,,,,,,,,,,,,
,101,0,0,0,False,6555622878946590721,False,False,VÃµ Táº¥n PhÃ¡t,False,False,0,MS4wLjABAAAA2sDYMLT5JfY37qtTgJ5vXKrolEvFA81pfDepqLSpfS9jJz9L6eIvJKHCIw6Vjzj9,False,KÃªnh TikTok chÃ­nh thá»©c cá»§a VÃµ Táº¥n PhÃ¡t,0,votanphat11117,True,5202,892100,262,0,24300000,24300000,664,,False,1739105411,Báº£o Bá»‘i gá»i Vá» Tá» Pá» tráº£ lá»i #votanphat #nuhonbacty #thutrang #tienluat #marando #CapCut ,False,10088.0,0,False,7469400853443562770,False,0,True,dpa,22,7464743543450389265,True,False,nháº¡c ná»n - washable colokit,False,False,False,False,True,2708,642,179700,2800000,2072,2708,642,179700,2800000,0,2072,0,vi,True,63.76,730090,1.0,True,True,True,vie-VN,vi,10,h264,540p,22,,normal,mp4,1024,7469400853443562770,540p,normal,-7.8,1.0,576,1740273835,,,,,,,,,,,,,,
,104,0,0,0,False,6555622878946590721,False,False,VÃµ Táº¥n PhÃ¡t,False,False,0,MS4wLjABAAAA2sDYMLT5JfY37qtTgJ5vXKrolEvFA81pfDepqLSpfS9jJz9L6eIvJKHCIw6Vjzj9,False,KÃªnh TikTok chÃ­nh thá»©c cá»§a VÃµ Táº¥n PhÃ¡t,0,votanphat11117,True,5202,892100,262,0,24300000,24300000,664,,False,1738843368,Báº£o bá»‘i Ã .. máº¥y nay anh báº­n chá»© anh hong cÃ³ tha em â˜ºï¸ #votanphat #tiktokgiaitri #xuhuongtiktok ,False,10000.0,0,False,7468275379757649170,False,0,True,VÃµ Táº¥n PhÃ¡t,59,7468275409025501969,True,False,nháº¡c ná»n - VÃµ Táº¥n PhÃ¡t,False,False,False,False,True,833,3874,58400,1400000,14200,833,3874,58400,1400000,0,14200,0,vi,True,62.58,724642,1.0,True,True,True,vie-VN,vi,10,h264,540p,59,,normal,mp4,1024,7468275379757649170,540p,normal,-15.9,0.93325,576,1740273835,,,,,,,,,,,,,,
,101,0,0,0,False,6555622878946590721,False,False,VÃµ Táº¥n PhÃ¡t,False,False,0,MS4wLjABAAAA2sDYMLT5JfY37qtTgJ5vXKrolEvFA81pfDepqLSpfS9jJz9L6eIvJKHCIw6Vjzj9,False,KÃªnh TikTok chÃ­nh thá»©c cá»§a VÃµ Táº¥n PhÃ¡t,0,votanphat11117,True,5202,892100,262,0,24300000,24300000,664,,False,1738675008,CÃ¡i káº¿t sÃ­t-rá»‹t ai cÅ©ng muá»‘n #huynhphuong #thutrang #tienluat #votanphat #doanthienan #marando #nuhonbacty ,False,10088.0,0,False,7467552277100891400,False,0,True,VÃµ Táº¥n PhÃ¡t,42,7467552386833287953,False,False,nháº¡c ná»n - VÃµ Táº¥n PhÃ¡t,False,False,False,False,True,1743,891,100300,1500000,13600,1743,891,100300,1500000,0,13600,0,vi,True,65.54,818466,1.0,True,True,True,vie-VN,vi,10,h264,540p,42,,normal,mp4,1024,7467552277100891400,540p,normal,-10.3,1.0,576,1740273835,,,,,,,,,,,,,,
,101,0,0,0,False,6555622878946590721,False,False,VÃµ Táº¥n PhÃ¡t,False,False,0,MS4wLjABAAAA2sDYMLT5JfY37qtTgJ5vXKrolEvFA81pfDepqLSpfS9jJz9L6eIvJKHCIw6Vjzj9,False,KÃªnh TikTok chÃ­nh thá»©c cá»§a VÃµ Táº¥n PhÃ¡t,0,votanphat11117,True,5202,892100,262,0,24300000,24300000,664,,False,1738647335,Vá» Tá» Pá» Ä‘áº¡i diá»‡n pháº§n nÃ³i cho anh chá»“ng quá»‘c dÃ¢n ğŸ¤­#votanphat #giaohangvoima ,False,10045.0,0,False,7467433424773483784,False,0,True,VÃµ Táº¥n PhÃ¡t,71,7467433467416988432,False,False,nháº¡c ná»n - VÃµ Táº¥n PhÃ¡t,False,False,False,False,True,192,98,5850,258600,468,192,98,5850,258600,0,468,0,vi,True,58.82,550847,1.0,True,True,True,vie-VN,vi,10,h264,540p,71,,normal,mp4,576,7467433424773483784,540p,normal,-13.7,1.0,1024,1740273835,,,,,,,,,,,,,,
,101,0,0,0,False,6555622878946590721,False,False,VÃµ Táº¥n PhÃ¡t,False,False,0,MS4wLjABAAAA2sDYMLT5JfY37qtTgJ5vXKrolEvFA81pfDepqLSpfS9jJz9L6eIvJKHCIw6Vjzj9,False,KÃªnh TikTok chÃ­nh thá»©c cá»§a VÃµ Táº¥n PhÃ¡t,0,votanphat11117,True,5202,892100,262,0,24300000,24300000,664,,False,1738411627,CÃ¡i káº¿t sÃ­t-rá»‹t nÃ¨ má»i ngÆ°á»i Æ°i #votanphat #doanthienan #lexuantien #marando #nuhonbacty #tet2025â™¥ #tiktokgiaitri #xuhuongtiktok #CapCut ,False,10088.0,0,False,7466421069637766408,False,0,True,Phim Táº¿t Ná»¥ HÃ´n Báº¡c Tá»·,25,7466373658068536081,False,False,nháº¡c ná»n - Phim Táº¿t Ná»¥ HÃ´n Báº¡c Tá»·,False,False,False,False,True,890,747,63800,1200000,2584,890,747,63800,1200000,0,2584,0,vi,True,59.56,935289,,True,True,,,,,h264,540p,25,,normal,mp4,1024,7466421069637766408,540p,normal,-11.1,0.91201,576,1740273835,,,,,,,,,,3.0,,,,
,105,0,0,0,False,6555622878946590721,False,False,VÃµ Táº¥n PhÃ¡t,False,False,0,MS4wLjABAAAA2sDYMLT5JfY37qtTgJ5vXKrolEvFA81pfDepqLSpfS9jJz9L6eIvJKHCIw6Vjzj9,False,KÃªnh TikTok chÃ­nh thá»©c cá»§a VÃµ Táº¥n PhÃ¡t,0,votanphat11117,True,5202,892100,262,0,24300000,24300000,664,,False,1738240422,Tá»« giá» hÃ£y gá»i anh lÃ  Doraemon ğŸ˜Œ #votanphat #tet2025â™¥ #tiktokgiaitri #xuhuongtiktok ,False,10014.0,0,False,7465685742828702984,False,0,True,VÃµ Táº¥n PhÃ¡t,82,7465685807681129217,True,False,nháº¡c ná»n - VÃµ Táº¥n PhÃ¡t,False,False,False,False,True,622,1770,36200,913100,7494,622,1770,36200,913100,0,7494,0,vi,True,72.56,993575,1.0,True,True,True,vie-VN,vi,10,h264,540p,82,,normal,mp4,1024,7465685742828702984,540p,normal,-15.4,0.76736,576,1740273835,,,,,,,,,,,,,,
,104,0,0,0,False,6555622878946590721,False,False,VÃµ Táº¥n PhÃ¡t,False,False,0,MS4wLjABAAAA2sDYMLT5JfY37qtTgJ5vXKrolEvFA81pfDepqLSpfS9jJz9L6eIvJKHCIw6Vjzj9,False,KÃªnh TikTok chÃ­nh thá»©c cá»§a VÃµ Táº¥n PhÃ¡t,0,votanphat11117,True,5202,892100,262,0,24300000,24300000,664,,False,1737951623,Giá» Tiáº¿n hay LÃ¹i ğŸ¥¹ #votanphat #nuhonbacty #tet2025â™¥ #soobin #buicongnam #thanhthoiluottet#thanhthoiluottetxuhuongtiktok ,False,10000.0,0,False,7464445348707126535,False,0,True,BÃ¹i CÃ´ng Nam & SOOBIN,60,7463096931071543297,True,False,Tiáº¿n Hay LÃ¹i (Ná»¥ HÃ´n Báº¡c Tá»· Original Soundtrack),False,False,False,False,True,7546,4760,361000,11700000,50500,7546,4760,361000,11700000,0,50500,0,vi,True,72.49,896644,,True,True,,,,,h264,540p,17,,normal,mp4,1024,7464445348707126535,540p,normal,-14.4,0.63826,576,1740273835,,,,,,,,,,3.0,Tiáº¿n Hay LÃ¹i (Ná»¥ HÃ´n Báº¡c Tá»· Original Soundtrack),,,
,119,0,0,0,False,7137186896152871962,False,False,Weantodale,False,False,0,MS4wLjABAAAAKVSHvbkW-e2zbY-GFQvh5ZtlDaFOBJCOgqmmsRBaSrIufaBjuLQN51NcXDXNltKI,False,Thá» Æ¡ - WEAN out nowwww!,0,weantodale.og,False,1239,562700,13,0,7000000,7000000,85,,False,1740213938,VIET POP 2000! ,False,10009.0,0,False,7474161930874211602,False,0,True,Weantodale,53,7474161990576622353,False,False,original sound - Weantodale,False,False,False,False,True,891,323,17500,190200,880,891,323,17500,190200,0,880,0,en,True,68.18,743780,,True,True,,,,,h264,540p,53,,normal,mp4,1024,7474161930874211602,540p,normal,-18.9,0.51286,576,1740273837,,,,True,,,,,True,3.0,,,,
,109,0,0,0,False,7137186896152871962,False,False,Weantodale,False,False,0,MS4wLjABAAAAKVSHvbkW-e2zbY-GFQvh5ZtlDaFOBJCOgqmmsRBaSrIufaBjuLQN51NcXDXNltKI,False,Thá» Æ¡ - WEAN out nowwww!,0,weantodale.og,False,1239,562700,13,0,7000000,7000000,85,,False,1737816115,ThÃ¡ch gÃ¬ khÃ³ hÆ¡n Ä‘i Ä‘Æ°á»£c khÃ´ng #AXE #AXEFineFragrance #Há»£pTÃ¡ccÃ¹ngUnilever,False,10029.0,0,False,7463863343988608276,False,0,True,Weantodale,66,7463863399840975633,False,False,original sound - Weantodale,False,False,False,False,True,281,157,9172,158700,80,281,157,9172,158700,0,80,0,vi,True,66.59,954747,1.0,True,False,True,vie-VN,vi,10,h264,540p,66,,normal,mp4,1024,7463863343988608276,540p,normal,-10.4,1.0,576,1740273837,,,,,,,,,,,,,,
,120,0,0,0,False,7137186896152871962,False,False,Weantodale,False,False,0,MS4wLjABAAAAKVSHvbkW-e2zbY-GFQvh5ZtlDaFOBJCOgqmmsRBaSrIufaBjuLQN51NcXDXNltKI,False,Thá» Æ¡ - WEAN out nowwww!,0,weantodale.og,False,1239,562700,13,0,7000000,7000000,85,,False,1737730134,"WEAN Ä‘Ã£ cÃ³ boring phone giá» tá»›i lÆ°á»£t em  ChÆ¡i ngay minigame AR filter cá»§a Heineken, cÃ³ cÆ¡ há»™i nháº­n chiáº¿c boring phone ""má»Ÿ káº¿t ná»‘i tháº­t"" cÃ¹ng WEAN! #Heineken #MoKetNoiThat #TetBatHeineken",False,10083.0,0,False,7463494054936988949,False,0,True,Weantodale,35,7463494107375848193,False,False,original sound - Weantodale,False,False,False,False,True,603,156,20600,241800,331,603,156,20600,241800,0,331,0,vi,True,67.48,1363835,1.0,True,False,True,vie-VN,vi,10,h264,540p,35,,normal,mp4,1024,7463494054936988949,540p,normal,-14.7,0.98855,576,1740273837,,,,True,,,,,True,,,,,
